Food,energy,protein,fat,carbs,fiber,calcium,iron,vitamin_c,folate,vitamin_a,vitamin_e,is_alcohol,is_leafy_green,vitamin_k_proxy
Beer,43,0,0.46,3.55,0,4,0.02,0,6,0,0,1,0,0
Arak,222,0,0,0,0,0,0,0,0,0,0,1,0,0
Kasippu,222,0,0,0,0,0,0,0,0,0,0,1,0,0
"Liquor (Toddy, Coconut)",222,0,0,0,0,0,0,0,0,0,0,1,0,0
"Liquor (Toddy, Kitul)",222,0,0,0,0,0,0,0,0,0,0,1,0,0
"Liquor (Toddy, Palmyra)",222,0,0,0,0,0,0,0,0,0,0,1,0,0
"Liquor, Hard (>35% Abv), Non-Specific",222,0,0,0,0,0,0,0,0,0,0,1,0,0
"Coconut Water (Botteled, Sweetend)",31.4,0,0.28,7.43,0,7.14,0,0,0,0,0,0,0,0
"Coconut Water (Fresh, Unsweetend)",14,0.3,0.2,3.2,0,27,0.06,0.6,10.9,0,0.5,0,0,0
Fruit And Milk Drink,72,3.6,1.5,11.7,0,115,0.62,0,2,0,0,0,0,0
Fruit Cordial (With Water),18.090851,0.16,0.1,4.0250001,0.51749998,1.8173749,0.063000001,0.3955,1.78625,0,0.125,0,0,0
"Fruit Drink (Botteled,Ready-To-Drink)",40,0.4,0,10.3,0,7,0.07,33,11,0,0,0,0,0
"Fruit Nectar (Botteled,Ready-To-Drink)",40,0.4,0,10.3,0,7,0.07,33,11,0,0,0,0,0
Fruit Squah (With Water),37,0.1,0,9.8,0,6,0,0,2,0,0,0,0,0
Juice (Sweetend),40,0.4,0,10.3,0,7,0.07,33,11,0,0,0,0,0
Lime Juice,3.272548,0.054841947,0.021604404,0.70200467,0.15954022,2.1633141,0.010114947,3.1617215,1.0054357,0.029913791,0.028251912,0,0,0
Passion Fruit Juice,44,0.8,0.1,10.7,0,7,0.5,21,0,0,0,0,0,0
"Lemon Or Lime Juice (Fresh, Water & Sugar)",4.2696743,0.03074473,0.063151337,0.89893711,0,1.8666689,0.010945885,4.074923,1.191566,0.035730362,0.003323755,0,0,0
"Lemon Or Lime Juice (Fresh, Water,No Sugar)",35,0.4,0.8,7,0,23,0.12,48.2,12.4,0,0.1,0,0,0
"Lime Juice (Fresh,Raw (100% Juice))",9,0.4,0.1,1.6,0,9,0,38,0,0,0,0,0,0
Apple Juice (Unsweetened (100% Juice)),40,0.4,0,10.3,0,7,0.07,33,11,0,0,0,0,0
Mango Juice (Unsweetened (100% Juice)),39,0.1,0.2,9.8,0,2,1.5,25,0,35,0,0,0,0
Orange Juice (Unsweetened (100% Juice)),36,0.5,0.1,8.8,0.1,10,0.2,39,20,3,0.2,0,0,0
Kenda (Finger Millet),181.94475,2.5487068,13.867081,11.381498,1.4856118,32.652157,1.4581234,2.9191108,16.164854,6.3755531,0.03135138,0,0,0
Kenda (Leafy Vegetable & Rice),52,1.4,0.3,11.6,0.8,83,2.52,2,0,235,92.1,0,1,300
Cola,41,0,0,10.9,0,6,0,0,0,0,0,0,0,0
Cream Soda,50,0,0,13.3,0,5,0.05,0,0,0,0,0,0,0
Energy Drink,27,0,0,7.2,0,7,0,1,1,0,0,0,0,0
Fruit-Flavored Soda,27,0,0,7.2,0,7,0,1,1,0,0,0,0,0
Ginger Beer,27,0,0,7.2,0,7,0,1,1,0,0,1,0,0
Lemon-Lime Soda,27,0,0,7.2,0,7,0,1,1,0,0,0,0,0
Orange Soda,48,0,0,12.3,0,5,0.06,0,0,0,0,0,0,0
Coffee (Brewed),2,0.2,0,0.3,0,3,0.1,0,0,0,0,0,0,0
"Coffee, (Made From Instant Coffee Powder)",0,0,0,0,0,1,0,0,0,0,0,0,0,0
"Cooling Drink (Chinese,Infusion)",0,0,0,0,0,3,0,0,0,0,0,0,0,0
Tea (Brewed From Black Tea Leaves),0,0,0,0,0,0,0.02,0,3,0,0,0,0,0
Tea (Made From Instant Black Tea Powder),0,0,0,0,0,0,0.02,0,3,0,0,0,0,0
Tea (Brewed From Herbs & Spices),0,0,0,0,0,0,0,0,3,0,0,0,0,0
Tea (Brewed From Green Tea),0,0,0,0,0,0,0,0,3,0,0,0,0,0
Water,0,0,0,0,0,0,0,0,0,0,0,0,0,0
Bread (Wholemeal),218,9.4,2.5,42,0,106,2.4,0,40,0,0.3,0,0,0
Bread (White),236,8.7,2.1,48.7,0,155,1.5,0,29,0,0.1,0,0,0
Bun (Currant),280,8,5.6,52.6,0,110,1.9,1,12,0,0.4,0,0,0
"Bun (White, Plain)",235,8.4,1.9,49.3,0,110,1.6,0,29,0,0,0,0,0
Bun (Iced Or Sugar Glazed),280,8,5.6,52.6,0,110,1.9,1,12,0,0.4,0,0,0
Roast Paan,365.84882,6.8205833,16.647764,46.374153,1.7887818,18.556694,1.1942174,0,41.353413,41.698284,0.1569484,0,0,0
Bun (Jam),280,8,5.6,52.6,0,110,1.9,1,12,0,0.4,0,0,0
Bun (Cream),280,8,5.6,52.6,0,110,1.9,1,12,0,0.4,0,0,0
Bun (Curry Filled),0,0,0,0,0,0,0,0,0,0,0,0,0,0
Papadum,369,17.5,16.9,39.1,9.1,69,11,0,28,10,0.1,0,0,0
Parata,333,7.8,14.4,45.8,0,21,1.5,0,0,0,0.9,0,0,0
Coconut Roti,302,8,9.8,48.4,5.1,91,1.81,0.7,25.5,0,0.4,0,0,0
Egg Roti,249.7205,7.9308395,4.4794049,43.558193,1.930995,23.51296,1.389475,2.7859783,15.869904,1.3356508,0.33744001,0,0,0
"Roti (Wheat, Plain)",343,6.9,15.5,42.9,0,18,1.4,0,0,0,0,0,0,0
Vegetable Roti,199,5.8,4.4,36.2,3.4,72,1.15,4.4,27.1,124,0.3,0,0,0
"Roti (Millet, Plain)",307,4.6,11.9,48.4,5,29,0.64,0.9,7.8,0,0.2,0,0,0
Dosa,247,12.9,10.3,26,0.2,64,3.15,0,64.5,3,0.1,0,0,0
Egg Dosa,166,11.6,8.5,10.8,0.395,21.498501,2.26,0,41.353413,97,0.8,0,0,0
Plain Dosa (With Filling),200.99036,8.5190678,1.8232425,36.421577,5.9251046,65.611099,2.3607082,6.5450926,23.725101,20.826601,0.16249837,0,0,0
Egg Hoppers,226,9.9,5.2,37.2,1.31,40,1.9,0,46.6171,101,0.8,0,0,0
Hoppers,273,4.6,5.2,55.4,1.8,19,1.52,0.4,15.7,0,0.1,0,0,0
String Hoppers (Rice Flour),136,2.6,0.3,32.7,0.9,10,0.78,0,8.2,0,0,0,0,0
String Hoppers (Wheat Flour),143,3.7,0.6,32.8,0,39,0.79,0,6.5,0,0.2,0,0,0
String Hoppers (Rice & Wheat Flour),132.7139,3.3892999,0.44783998,29.369434,2.349544,9.4465237,1.1643161,0,6.7169929,0.067798801,0.077367999,0,0,0
Beef Kottu,246,7.3,17.2,16.6,1.618,42,1.73,4.1,13.7,200,0.4,0,0,0
Egg Kottu,172,5.7,7.1,22.9,1.9,66,1.65,2.5,18.3,170,0.4,0,0,0
Chicken Kottu,205.6761627,10.13679218,11.14574242,17.02129555,1.302634358,156.4949493,1.313417315,3.272261143,21.36367989,94.03885651,0.329658002,0,0,0
Idli (Millet),288.48639,12.151173,1.564721,54.321392,10.364388,244.70097,3.92396,0,25.244576,0.69816858,0.14137,0,0,0
Idli (Rice & Dal),301.2085,12.656596,1.243006,60.012241,5.1767478,38.46534,2.7557981,0,28.734274,0.62706554,0.083756998,0,0,0
Idli (Semolina),293.66541,14.088119,1.020926,55.036095,9.5409269,39.037693,3.3537521,0,22.485723,0.70749074,0.167265,0,0,0
"Pittu (Millet, With Coconut)",277,4.1,11.2,42.5,4.7,26,0.61,0.9,7.4,0,0.2,0,0,0
"Pittu (Rice, With Coconut)",149.772,2.709414,2.082864,32.030521,0.45128199,10.028502,0.82931203,0,6.0974498,0,0.018122001,0,0,0
"Pittu (Wheat, With Coconut)",144.2,4.241714,2.3216641,25.698343,5.0442019,9.268322,1.589492,0,8.0866537,0.132534,0.16936201,0,0,0
Uppuma (Tempered With Vegetables),174.164,4.8604593,4.2400651,28.364111,4.7573023,24.274937,1.758672,3.994596,17.456631,110.1483,0.173605,0,0,0
"Pittu (Rice, Without Coconut)",147.25259,2.83008,0.35376,35.420219,0,10.677799,0.84213001,0,6.1908002,0,0,0,0,0
"Pittu (Rice & Wheat, With Coconut)",149,3.5,2.1,30.8,1.4,9,0.79,0,8.3,0,0.1,0,0,0
"Pittu (Rice & Wheat, Without Coconut)",143.9962,3.72559,0.49331999,31.719555,2.6842041,10.233534,1.286396,0,7.3533349,0.077455796,0.088388003,0,0,0
Thalapa (Millet),119.14,2.6307001,0.65490001,24.956499,4.1292,155.03,1.7686,0,9.6865997,0.077330001,0.055500001,0,0,0
Butter,744,0.6,82.2,0.6,0,18,0,0,0,0,1.9,0,0,0
Dressing (French),335,0.3,32.2,11.7,0,0,0,0,0,0,0,0,0,0
Ghee,878,0.1,97.6,0,0,1,0,0,0,1233,0,0,0,0
Margarine,739,0.2,81.6,1,0,4,0.3,0,0,844,0,0,0,0
Yeast Extract,180,40.7,0.4,3.5,0,70,2.9,0,2620,0,0,0,0,0
Manila Tamarind,75,3.6,1.1,13.5,4.4,9,0.71,55.8,4.2,0,0.4,0,0,0
"Chili (Green, Fresh)",38,2.4,0.7,5.9,4.8,18,1.2,94.1,2.5,0,0.3,0,0,0
"Chili (Red, Dried)",237,12.69,6.4,29.46,31.15,99.83,6.23,0,51.5,0,0,0,0,0
"Chili (Red, Fresh)",38,2.4,0.7,5.9,4.8,18,1.2,94.1,2.5,0,0.3,0,0,0
Chili (Fried),313.20001,11.412,17.269001,25.857,28.052999,96.300003,4.8509998,0,29.502899,334.30499,1.062,0,0,0
"Ginger (Fresh, Grated)",44,1.8,0.8,8.1,0,16,0.6,5,11,0,0,0,0,0
Maldives Fish (Dry),303,61.32,6.26,0,0,51.12,3.44,0,352,0,0,0,0,0
Chicken Gravy (With Coconut Milk),186.13269,11.586333,14.093225,3.0320685,0.54230189,100.34262,1.3582898,3.2629807,10.223163,3.4330037,0.34808937,0,0,0
Coconut Milk Gravy,292,2.9,27.9,7.5,0,24.3,2.2,2.1,20.7,6.8,0,0,0,0
Gravy Without Coconut Milk (Thin),5.9282999,0.238683,0.115198,0.92985499,0.55659997,6.6440639,0.29530901,2.1123111,2.6085937,7.6411109,0.027788,0,0,0
Gravy Without Coconut Milk (Thick),10.9283,0.41448301,0.144798,1.911255,0.84060001,8.2229643,0.343409,2.9427712,5.3889136,9.1821604,0.033087999,0,0,0
Tomato Sauce,89,2.5,5.1,8.7,1.7,27,0.82,9,19.5,172,1.2,0,0,0
"Gravy (Coconut Milk, Thin)",256.73489,2.5453432,24.428389,6.484479,0.36795598,20.416855,1.87353,4.0157208,15.427805,5.1079431,0.024040999,0,0,0
"Gravy (Coconut Milk,Thick)",339.62851,3.338927,32.381237,8.4664869,0.40838802,25.991119,2.4149201,4.8531733,20.104162,5.1101928,0.024800999,0,0,0
Fish Gravy,230,13.4,6.6,31.4,7.3,91,4.11,0.9,55.7,143,0.2,0,0,0
Fish Gravy (Coconut Milk),153,0.7,7.2,22.7,0.7,7,0.54,0.6,4.8,0,0,0,0,0
Potato Gravy,116.90566,1.8358827,6.7187858,11.884914,1.5513738,94.305786,0.80682033,12.884363,13.499713,3.4330037,0.054754522,0,0,0
Jam,261,0.6,0,69,0,12,0.2,10,0,0,0,0,0,0
Marmalade,261,0.1,0,69.5,0,26,0.2,10,5,0,0,0,0,0
Treacle,257,1.2,0,67.2,0,550,14,0,0,0,0,0,0,0
Bee Honey,304,0.3,0,82.4,0.2,6,0.42,0.5,0,0,0,0,0,0
Date Chutney,229,0.3,0.1,60.6,0,19,0.43,7.7,0,0,0,0,0,0
Sweet Mango Chutney,129,0.8,0.6,32.2,2.2,27,0.61,37,14.7,49,0.5,0,0,0
Lime Pickle,55.76000214,1.014500022,0.377700001,11.22980022,2.754799843,34.83000183,0.292400002,40.51224899,11.58334064,5.879199982,0.4005,0,0,0
Clear Rasam (No Vegetables Or Dal),23,1.1,1,2.6,2.9,57,1.22,1.6,4.6,3,0.1,0,0,0
Rasam (With Vegetables),25.0543,0.85665798,0.76534396,3.4207509,2.4179299,43.085594,1.079055,0.81086582,2.5253572,2.6452725,0.067079999,0,0,0
Rasam (With Vegetables & Dal),88.854301,5.474658,0.91934401,14.036751,4.5159302,50.514194,2.4200549,0.81086582,9.6753578,2.8360724,0.10108,0,0,0
Chili Sambol,38,1.3,0.23,8.2,0,25.7,0.38,10.7,17.8,1.6,0,0,0,0
Chili Sambol (With Onion),41.086498,1.488193,0.246792,7.991982,2.3907671,15.536249,0.400002,20.094193,26.027134,4.8649669,0.085957006,0,0,0
Onion Sambol,42.995399,1.473649,0.226794,8.5292015,2.426218,15.453529,0.40818301,9.8752155,29.025925,0.16816401,0.073230997,0,0,0
Onion Sambol (With Oil),220,5.5,13.2,21.3,3.8,44,1.24,4.5,30.2,20,0.3,0,0,0
Coconut Sambol (With Coconut Oil),286,2.9,27.6,6.9,7.2,12,0.99,6.8,23.5,2,1.7,0,0,0
Coconut Sambol (Without Coconut Oil),266,3,25.3,7.1,7.4,13,1.02,10.1,24.2,2,1.7,0,0,0
Fish & Chili Sambol,90.396904,17.446064,1.1568199,2.5985579,1.515871,33.540745,1.1601419,74.366745,55.54269,30.659071,0.143177,0,0,0
Green Leaf Sambol,146,2.9,12.2,6.5,4,136,6.21,20.7,14.5,298.1263,0.8,0,0,0
Tomato & Onion Sambol,30.6502,1.125338,0.36788201,5.5310812,2.047044,13.191713,0.346457,17.811415,23.369179,72.846115,0.064412996,0,0,0
"Scraped Coconut (Fresh, Unsweetened)",354,3.33,33.5,15.2,9,14,2.43,3.3,26,0,0,0,0,0
"Halmassa Anchovy (Sprat), Fresh, Tempered",162.1199,10.610541,9.9280233,7.403954,3.1937311,224.05354,1.617159,12.896813,41.684608,43.765598,0.097162001,0,0,0
"Halmassa Anchovy (Sprat), Fresh, Tempered, With Coconut Milk",253,12.1,21,4.3,1.2,73,1.33,5.8,5.6,106,0.4,0,0,0
"Halmassa Anchovy (Sprat), Dried, Tempered",246.5663,27.46488,13.527148,3.4665232,1.31533,74.270126,1.902095,7.2564597,215.55223,14.496631,0.050253998,0,0,0
"Halmassa Anchovy (Sprat), Dried, Boiled, With Coconut Milk",244.0025,18.960007,16.487228,4.9229832,1.249688,60.850235,2.3412261,3.0915785,142.93864,12.202394,0.030092999,0,0,0
"Halmassa Anchovy (Sprat), Dried, Boiled",215.526,39.681572,4.800508,3.251961,1.668628,107.22873,2.9397421,2.5766902,304.59558,20.197735,0.048393998,0,0,0
"Halmassa Anchovy (Sprat), Fresh, Fried",257.66,21.216,19.140322,0,0,473.28,1.5232,0,59.603905,0,0,0,0,0
"Halmassa Anchovy (Sprat), Fresh, Boiled, With Coconut Milk",206,13.9,14.9,4.3,0.8,109,1.35,3.3,12.5,24,0,0,0,0
"Halmassa Anchovy (Sprat), Dried, Fried",376.26199,44.91848,21.737761,0,0,103.4284,2.6866801,0,346.1076,0,0,0,0,0
"Jack Fish (Fresh, Deep-Fried)",213.175,24.923,11.8855,1.24125,0.54400003,38.857998,2.78005,0,7.6210313,0.20542499,0.078249998,0,0,0
"Trevally Jack (Fresh, Deep-Fried)",213.175,24.923,11.8855,1.24125,0.54400003,38.857998,2.78005,0,7.6210313,0.20542499,0.078249998,0,0,0
"Jack Mackerel (Canned, Tempered)",134.82831,14.749747,7.388051,2.267751,1.195402,118.68902,1.907125,2.2725194,42.067554,10.708673,0.047699001,0,0,0
"Jack Mackerel (Canned, Tempered, With Coconut Milk)",208,10,17.3,3.2,1,21,1,3,4,78,0.3,0,0,0
"Jack Mackerel (Fresh, Boiled, With Coconut Milk)",195,14.2,14.6,1.8,0.5,14,0.85,0.4,2.3,69,0.3,0,0,0
"Scad (Bolla), Fresh, Boiled",65.3395,9.3056641,1.752918,3.251961,1.668628,123.09503,1.3261223,2.5766902,81.7034,20.197735,0.048393998,0,0,0
"Scad (Bolla), Fresh, Boiled, With Coconut Milk",154.1649,9.4425344,11.147011,4.1620331,1.36043,119.02656,2.06564,2.4795806,81.04184,16.195127,0.062613003,0,0,0
"Scad (Bolla), Dried, Tempered",264.22699,30.124569,13.517105,5.532794,2.6848149,48.084431,1.5957069,7.6027465,100.23679,18.585676,0.088514999,0,0,0
"Scad (Bolla), Fresh, Tempered",92.9067,8.0836287,6.0984068,1.564873,1.046944,102.28162,0.900675,2.6063035,72.15583,16.797201,0.026907001,0,0,0
"Jack Mackerel (Fresh, Boiled And Tempered, With Coconut Milk)",208,10,17.3,3.2,1,21,1,3,4,78,0.3,0,0,0
"Jack Mackerel (Fresh, Boiled)",79.561501,11.827334,2.135818,3.251961,1.668628,102.30904,1.6707323,2.5766902,33.841995,20.197735,0.048393998,0,0,0
"Trevally Jack (Fresh, Boiled, With Coconut Milk)",79,13.8,1.2,3.4,1.1,24,1.53,3.2,741.8,83,0.3,0,0,0
"Scad (Bolla), Fresh, Fried",195.655,18.230001,13.1665,1.24125,0.54400003,224.8475,2.6075499,0,162.73648,0.20542499,0.078249998,0,0,0
"Queen Fish (Dried, Tempered, With Coconut Milk)",162.1669,6.8137026,13.42488,3.6249828,1.249688,27.202415,1.102062,2.5629385,16.056957,12.202394,0.030092999,0,0,0
"Queen Fish (Fresh, Deep-Fried)",208.575,26.51,10.77,1.24125,0.54400003,11.1775,2.48105,0,8.6042805,0.20542499,0.078249998,0,0,0
"Eel (Dried, Tempered, With Coconut Milk)",251.34691,23.905003,15.66808,3.815783,1.302888,35.296715,1.556162,2.6804285,77.628197,12.205353,0.031093,0,0,0
"Ray (Fresh, Tempered)",98.724304,11.661452,5.075479,1.564873,1.046944,14.057721,0.93461096,2.6063035,9.4740992,16.797201,0.026907001,0,0,0
"Ray (Dried, Tempered, With Coconut Milk)",175,8.3,13.8,4.6,1.6,32,1.69,5.5,7.1,37,0.1,0,0,0
"Ray (Fresh, Boiled, With Coconut Milk)",160.2849,13.206335,10.07091,4.1620331,1.36043,26.216759,2.1013401,2.4795806,15.101894,16.195127,0.062613003,0,0,0
"Ray (Dried, Tempered)",262.75378,30.067816,13.400931,5.4839292,2.643693,46.889629,1.556093,7.6027465,100.01613,18.566446,0.084687002,0,0,0
"Hurulla Or Keeramin Sardinella (Fresh, Tempered)",253.96001,13.952,21.9984,0,0,23.902399,0.15912001,0,8.2828798,0,0,0,0,0
"Hurulla Or Keeramin Sardinella (Fresh, Tempered, With Coconut Milk)",169,8.5,13.1,4.5,1.3,22,1.15,5.9,9.6,76,0.3,0,0,0
"Salaya Sardinella (Fresh, Tempered)",190.8286,14.537046,12.580782,4.836813,2.0946031,325.06467,1.802663,3.7881665,44.99646,22.66695,0.054405998,0,0,0
"Salaya Sardinella (Fresh, Tempered, With Coconut Milk)",176,7.1,14.6,4.1,1.2,32,0.97,5.9,14.2,72,0.2,0,0,0
"Sardinella (Dried, Tempered, With Coconut Milk)",190.7552,7.0676069,15.863411,4.8086963,1.407411,33.558552,1.478223,4.1785927,52.089779,11.14854,0.052575,0,0,0
"Sardines (Canned, Tempered)",203.5186,14.537046,13.990782,4.836813,2.0946031,325.06467,1.802663,3.7881665,44.99646,22.66695,0.054405998,0,0,0
"Sardines (Canned, Tempered, With Coconut Milk)",176,7.1,14.6,4.1,1.2,32,0.97,5.9,14.2,72,0.2,0,0,0
"Salaya Sardinella (Fresh, Boiled, With Coconut Milk)",144,10.7,9.6,4.1,1.1,42,1.1,4.9,16.8,68,0.2,0,0,0
"Hurulla Or Keeramin Sardinella (Fresh, Boiled, With Coconut Milk)",85,9,4.2,3.1,0.8,15,0.87,2.8,6.3,55,0.2,0,0,0
"Sardinella (Dried, Tempered)",273.91141,20.833307,19.091057,4.6765118,2.4450169,70.367607,1.9113698,6.9778762,162.52977,26.468128,0.074337654,0,0,0
"Shark (Dried, Tempered, With Coconut Milk)",161.2869,7.3626027,13.08828,3.6249828,1.249688,22.328314,1.1031621,2.5629385,26.610357,12.202394,0.030092999,0,0,0
"Shark (Fresh, Deep-Fried)",206.005,25.026501,11.0505,1.24125,0.54400003,12.6035,1.5380499,0,9.1114311,0.20542499,0.078249998,0,0,0
"Barracuda (Fresh, Boiled, With Coconut Milk)",164.87491,12.895235,10.67271,4.1620331,1.36043,26.420759,1.66274,2.4795806,12.604934,16.195127,0.062613003,0,0,0
"Shark (Fresh, Boiled, With Coconut Milk)",70,12.3,0.9,3.4,1.1,23,0.88,3.2,8.7,128,0.1,0,0,0
"Catfish (Dried, Tempered, With Coconut Milk)",165.2469,8.0545034,13.19938,3.6249828,1.249688,23.305115,1.3187621,2.5629385,42.945358,12.202394,0.030092999,0,0,0
"Tilapia (Fresh, Tempered, With Coconut Milk)",153.2587,9.470171,10.776002,4.5807047,1.411787,60.034245,2.120332,3.4874289,11.445087,14.291841,0.039218001,0,0,0
"Tilapia (Fresh, Deep-Fried)",252,25.6,16.6,0,0,138,3.94,0,11.5,24,2.7,0,0,0
"Carp (Fresh, Boiled, With Coconut Milk)",177.62491,12.512734,12.42201,4.1620331,1.36043,64.227058,1.6933399,2.4795806,15.863834,16.195127,0.368613,0,0,0
"Carp (Fresh, Tempered)",115.2075,11.002125,7.3104072,1.564873,1.046944,50.189865,0.54677099,2.6063035,10.19839,16.797201,0.31778699,0,0,0
"Catfish (Fresh, Boiled, With Coconut Milk)",165.8949,12.752435,10.871611,4.1620331,1.36043,23.421959,1.76474,2.4795806,14.193074,16.195127,0.062613003,0,0,0
"Catfish (Dried, Tempered)",283.01901,33.407948,14.044325,5.532794,2.6848149,52.719791,2.6188271,7.6027465,177.75378,18.585676,0.088514999,0,0,0
"Catfish (Fresh, Fried)",224.29361,23.297873,14.437351,0,0,6.1042156,0.76483798,0,10.739289,0,0,0,0,0
"Carp (Fresh, Tempered & Boiled, With Coconut Milk)",233.9649,13.061934,18.315411,4.4370327,1.36043,66.73806,1.78494,2.5915806,16.773834,16.195127,0.380613,0,0,0
"Tilapia (Fresh, Boiled, With Coconut Milk)",96,9.2,4.8,4.2,1.1,60,1.85,3.4,9.2,70,0.8,0,0,0
"Tilapia (Fresh, Boiled)",63.698502,10.831794,0.88318801,3.251961,1.668628,71.890358,2.1630323,2.5766902,8.4934702,20.197735,0.048393998,0,0,0
"Tilapia (Fresh, Tempered)",91.452301,9.4362202,5.3275747,1.564873,1.046944,56.899498,1.642419,2.6063035,7.2706833,16.797201,0.026907001,0,0,0
"Tilapia (Fresh, Tempered & Boiled)",105.0985,10.831794,5.4831877,3.251961,1.668628,72.065788,2.1711249,2.8307512,8.9264154,19.530489,0.048393998,0,0,0
"Sailfish (Dried, With Coconut Oil)",330.29041,42.882195,16.007792,3.5513251,1.8298839,59.322285,1.644645,11.379606,140.65269,41.462448,0.099384002,0,0,0
"Sailfish (Dried, Tempered, With Coconut Milk)",251.34691,23.905003,15.66808,3.815783,1.302888,35.296715,1.556162,2.6804285,77.628197,12.205353,0.031093,0,0,0
"Sailfish (Fresh, Deep-Fried)",211.11029,19.300932,14.755504,0,0,9.1932116,0.854343,0,84.709915,0,0,0,0,0
"Seer Fish (Dried, Tempered, With Coconut Milk)",165.2469,8.0545034,13.19938,3.6249828,1.249688,23.305115,1.3187621,2.5629385,42.945358,12.202394,0.030092999,0,0,0
"Seer Fish (Fresh, Deep-Fried)",208,26.9,11.1,0,0,15,0.61,2.2,1.4,54,1,0,0,0
"Skipjack Tuna (Dried, Tempered, With Coconut Milk)",214.8414,9.6335649,17.200163,5.3929491,1.5000269,31.013002,1.669462,5.3753357,35.586552,12.384288,0.057050999,0,0,0
"Skipjack Tuna (Dried, Deep-Fried)",372.69,55.497299,17.0819,0,0,72.627602,3.132,0,166.77901,0,0,0,0,0
"Skipjack Tuna (Fresh, Cooked)",82,12.3,1.04,6.3,0,53.4,1.6,2.88,8.37,67.46,0,0,0,0
"Skipjack Tuna (Fresh, Deep-Fried)",233.21899,23.637201,14.94234,0.78879499,0.71848702,17.277781,0.94344199,0,8.3384295,3.4068999,0.031899001,0,0,0
"Tuna (Fresh, Deep-Fried)",244.16521,19.959444,18.003094,0,0,48.425095,0.92652899,0,69.352371,0,0,0,0,0
"Skipjack Tuna (Dried, Tempered)",270.5838,34.640537,12.419571,5.4839292,2.643693,68.416908,2.6627331,7.6027465,112.23093,18.566446,0.084687002,0,0,0
"Sailfish (Fresh, Boiled, With Coconut Milk)",156.7149,9.6210346,11.25411,4.1620331,1.36043,24.492958,1.75964,2.4795806,44.881813,16.195127,0.062613003,0,0,0
"Seer Fish (Fresh, Boiled, With Coconut Milk)",92,11.1,3.9,3.5,0,28,0.9,1.97,3.19,98.1,0,0,0,0
"Tuna (Dried, Tempered)",270.5838,34.640537,12.419571,5.4839292,2.643693,68.416908,2.6627331,7.6027465,112.23093,18.566446,0.084687002,0,0,0
"Tuna (Fresh, Boiled)",75.185501,10.503594,2.141288,3.251961,1.668628,41.252892,1.0635623,2.5766902,38.395771,20.197735,0.048393998,0,0,0
"Tuna (Fresh, Boiled, With Coconut Milk)",163.34491,10.559435,11.50911,4.1620331,1.36043,42.72036,1.82084,2.4795806,40.663605,16.195127,0.062613003,0,0,0
"Emperor Fish (Vilai), Fresh, Boiled, With Coconut Milk",165.3849,12.890135,10.76451,4.1620331,1.36043,23.988058,1.5403399,2.4795806,12.779354,16.195127,0.062613003,0,0,0
"Emperor Fish (Vilai), Fresh, Boiled & Tempered, With Coconut Milk",221.2449,13.454135,16.592911,4.4370327,1.36043,24.921059,1.6259401,2.5915806,13.568394,16.195127,0.062613003,0,0,0
"Emperor Fish (Vilai), Fresh, Tempered, With Coconut Milk",221.2449,13.454135,16.592911,4.4370327,1.36043,24.921059,1.6259401,2.5915806,13.568394,16.195127,0.062613003,0,0,0
"Silver-Biddy (Fresh, Boiled, With Coconut Milk)",156.71004,11.360642,10.614073,4.1620331,1.36043,60.213341,2.4430633,2.4795806,73.466698,16.195127,0.062613003,0,0,0
"Rabbit Fish (Fresh, Boiled, With Coconut Milk)",156.71004,11.360642,10.614073,4.1620331,1.36043,60.213341,2.4430633,2.4795806,73.466698,16.195127,0.062613003,0,0,0
"Sea Fish (Large, Nfs, Fresh, Boiled, With Coconut Milk)",153.06285,11.387767,10.213167,4.0925612,1.266714,58.22419,2.0041482,2.9839594,73.938698,15.012181,0.034991998,0,0,0
"Mural (Halfbeak), Fresh, Boiled, With Coconut Milk",157.6487,11.41271,10.60254,4.0925612,1.266714,240.10008,1.673275,2.9839594,37.461834,15.012181,0.034991998,0,0,0
"River Fish (Large, Nfs, Fresh, Boiled, With Coconut Milk)",153.06285,11.387767,10.213167,4.0925612,1.266714,58.22419,2.0041482,2.9839594,73.938698,15.012181,0.034991998,0,0,0
"Fish (Large, Nfs, Dried, Tempered)",259.02405,30.537756,12.832444,5.604393,2.7949731,63.095188,2.2387381,10.24964,95.499016,35.901924,0.087095,0,0,0
"Asian Sea Bass (Fresh, Boiled, With Coconut Milk)",140.8517,9.2647305,9.5336399,4.0925612,1.266714,23.184647,1.1184649,2.9839594,19.101187,15.012181,0.034991998,0,0,0
"Sea Fish (Large, Nfs, Fresh, Boiled)",86.897667,14.786497,1.4743705,3.9197609,1.854828,74.2061,2.10936,2.9348452,96.633423,20.207815,0.051893998,0,0,0
"Avelemeen (Mullet), Fresh, Boiled, With Coconut Milk",153.06285,11.387767,10.213167,4.0925612,1.266714,58.22419,2.0041482,2.9839594,73.938698,15.012181,0.034991998,0,0,0
"Fish (Large, Nfs, Dried, With Coconut Milk)",188.18414,19.145929,10.667101,4.0925612,1.266714,41.388454,1.8269626,2.9839594,59.405399,15.012181,0.034991998,0,0,0
"Fish (Large, Nfs, Dried, Fried)",365.9469,52.577297,17.534277,0,0,67.832298,2.5863459,0,148.35886,0,0,0,0,0
"Fish (Large, Nfs, Fresh, Tempered, With Coconut Milk)",180.42563,10.428298,13.543042,4.3735299,1.41794,53.758873,2.099596,5.1112847,68.27877,24.780399,0.047375999,0,0,0
"Fish (Large, Nfs, Fresh, Tempered)",170.64497,13.794909,9.8448734,6.8315539,3.0341311,75.218613,2.2318375,12.555714,94.115349,43.757439,0.094162002,0,0,0
"Fish (Large, Nfs, Fresh, Fried)",216.81952,21.396095,14.757527,0,0,85.732971,2.2636003,0,139.09146,0,0,0,0,0
"Fish (Large, Nfs, Fresh, Cook Method Nfs)",160.63315,14.35137,9.9684992,3.6170714,1.4971792,68.990486,2.106704,4.7859273,94.851692,20.999569,0.045799401,0,0,0
"Fish (Nfs, Dried, Fried)",346.92615,44.762211,18.658144,0,0,116.01985,2.4910097,0,252.09946,0,0,0,0,0
"Fish (Nfs, Dried, With Coconut Milk)",185.41251,17.245665,11.124495,4.0925612,1.266714,59.446934,1.8351485,2.9839594,98.328438,15.012181,0.034991998,0,0,0
"Fish (Nfs, Dried, Cook Method Nfs)",266.16934,31.003939,14.891319,2.0462806,0.63335699,87.733887,2.163094,1.4919797,175.21396,7.5060906,0.017495999,0,0,0
"Fish (Nfs, Fresh, Boiled)",91.516418,14.497057,2.0904799,3.9197609,1.854828,72.161377,1.9119283,2.9348452,79.824036,20.207815,0.051893998,0,0,0
"Fish (Nfs, Fresh, Fried)",223.90546,20.952044,15.702744,0,0,82.596024,1.9607064,0,113.303,0,0,0,0,0
"Fish (Nfs, Fresh, Tempered)",174.64532,13.544222,10.378491,6.8315539,3.0341311,73.447662,2.0608399,12.555714,79.556587,43.757439,0.094162002,0,0,0
"Fish (Nfs, Fresh, With Coconut Milk)",156.34171,11.182292,10.650544,4.0925612,1.266714,56.77264,1.8639909,2.9839594,62.005676,15.012181,0.034991998,0,0,0
"Fish (Nfs, Fresh, Tempered, With Coconut Milk)",183.38176,10.243048,13.937369,4.3735299,1.41794,52.450195,1.9732341,5.1112847,57.52029,24.780399,0.047375999,0,0,0
"Fish (Nfs, Fresh, Cook Method Nfs)",165.02129,14.076381,10.553845,3.6170714,1.4971792,66.940788,1.9156289,4.6611028,78.196678,20.997522,0.045799401,0,0,0
"Fish (Small, Nfs, Fresh, Boiled)",105.23145,13.637585,3.9199686,3.9197609,1.854828,66.089745,1.3256698,2.9348452,29.909868,20.207815,0.051893998,0,0,0
"Fish (Small, Nfs, Fresh, Fried)",244.94666,19.633469,18.509491,0,0,73.281105,1.0612862,0,36.726173,0,0,0,0,0
"Fish (Small, Nfs, Dried, Mallum, Tempered, With Scraped Coconut)",227.66682,28.352234,10.644944,4.206244,3.3039961,105.93135,2.4963915,4.4428282,202.80351,14.465297,0.1451,0,0,0
"Fish (Small, Nfs, Fresh, With Coconut Milk)",166.07803,10.572151,11.949303,4.0925612,1.266714,52.462372,1.4478047,2.9839594,26.571491,15.012181,0.034991998,0,0,0
"Fish (Small, Nfs, Fresh, Cook Method Nfs)",172.09203,14.614378,11.459613,2.6722817,1.0415961,63.900482,1.2764018,1.9008124,30.877748,11.669244,0.028995,0,0,0
"Clams (Fresh, Tempered, With Coconut Milk)",149,11.3,9.5,4.8,1.335,66,5.94,5.6,5.8,84,0.1,0,0,0
Crab (Boiled),128,19.5,5.5,0,0,0,1.6,0,20,0,0,0,0,0
Crab (Tempered),83.695503,7.923645,5.094871,1.564873,1.046944,170.15363,0.74069101,2.6063035,7.0307074,16.797201,0.026907001,0,0,0
"Crab (Tempered, With Coconut Milk)",180.6749,9.6044359,13.94131,4.2170329,1.36043,197.24657,1.93294,2.5019805,12.798814,16.195127,0.062613003,0,0,0
"Cuttle Fish (Fresh, With Coconut Milk)",156,9.7,11.3,4.2,1.1,49,2.75,1.9,10.2,44,0.1,0,0,0
"Squid (Fresh, Tempered)",125.6987,10.534639,7.0861163,4.9405079,2.1786671,26.592243,1.039767,3.3445077,18.569864,16.233606,0.076757997,0,0,0
"Cuttlefish (Fresh, Tempered, With Coconut Milk)",174.46431,8.9593611,13.458135,4.3735299,1.41794,24.604971,1.278144,5.1112847,15.621469,24.780399,0.047375999,0,0,0
"Squid (Fresh, Tempered, With Coconut Milk)",244.0847,10.716239,19.731516,5.875608,1.487067,31.967543,1.903367,3.2081776,19.071743,16.195127,0.063758001,0,0,0
"Kunissa Shrimp (Fresh, Tempered)",225.86389,12.588754,15.32516,8.9233294,3.2072918,51.852383,1.1377699,15.64043,31.001633,53.132305,0.087438002,0,0,0
"Kunissa Shrimp (Fresh, Tempered, With Coconut Milk)",140,10.6,9.4,3.4,1.5,42,1.16,5.7,998.5,54,2.1,0,0,0
"Lobster (Fresh, Tempered)",94.666527,9.4653082,5.1821351,1.564873,1.046944,40.925339,0.435267,2.6063035,874.98462,16.797201,0.27900299,0,0,0
"Prawn (Fresh, Tempered)",225.86389,12.588754,15.32516,8.9233294,3.2072918,51.852383,1.1377699,15.64043,31.001633,53.132305,0.087438002,0,0,0
"Prawn (Fresh, Tempered, With Coconut Milk)",140,10.6,9.4,3.4,1.5,42,1.16,5.7,998.5,54,2.1,0,0,0
"Prawn (Fresh, Boiled, With Coconut Milk)",101,10.3,5.2,3.6,1.404,64,1.02,5.4,11,80,1.9,0,0,0
"Prawn & Potato (Boiled, With Coconut Milk)",110.377,4.781486,5.2371812,10.851427,2.242636,29.976891,1.464241,11.078192,15.084487,16.420748,0.089505002,0,0,0
"Banana (Cavendish, Ripe)",97,1.2,0.3,23.6,1.9,5,0.28,4.8,16.8,0,0.1,0,0,0
"Banana (Kolikuttu, Ripe)",93,1.4,0.2,22.9,0,45,1.71,14.1,0,0,0,0,0,0
"Banana (Poovan, Ripe)",97,1.5,0.3,23.4,2.3,9,0.35,6.7,20,10,0.1,0,0,0
Red Banana (Ripe),112,1.29,0.29,25.21,1.98,9.56,0.24,6.74,18.92,0,0,0,0,0
Seeni/Kathali Banana (Ripe),106,1.4,0.2,26.5,0,59,3.63,16.7,0,0,0,0,0,0
Sour Banana (Ripe),57,1.2,0.1,13.5,0,52,2.29,17.9,0,0,0,0,0,0
Grapefruit,33,0.69,0.1,8.41,1.1,12,0.06,33.3,0,2,0,0,0,0
Mandarin,53,0.81,0.31,13.3,1.8,37,0.15,26.7,16,34,0,0,0,0
Orange,37,1.1,0.1,8.5,0,47,0.1,54,31,4.7,0,0,0,0
Pummelo,46,0.7,0.4,10.6,0.8,14,0.06,48.9,13.4,0,0.5,0,0,0
Sweet Lemon,53.7,1,0.9,11.1,0,70,0.26,39,0,0,0,0,0,0
Fruit Salad,59,0.7,0.3,14.3,0,12,0.16,24,0,0,0,0,0,0
Fruit Salad (With Added Sugar),72.360001,0.6552,0.39360002,16.3384,2.4575999,8.9247999,0.278,29.527201,28.471199,85.610405,0.1752,0,0,0
"Guava (Pink Flesh, Raw)",41,1.2,0.3,9.1,7.4,14,0.4,222,32.2,0,0.1,0,0,0
"Guava (White Flesh, Raw)",28,1.4,0.3,5.1,8.6,19,0.32,214,29.8,50,0.1,0,0,0
"Jackfruit (Ripe, Raw)",65,2.7,0.2,14,3.6,35,0.36,6.7,32.2,0,0.1,0,0,0
"Pineapple (Ripe, Raw)",39,0.5,0.2,9.4,3.5,11,0.28,36.4,18.2,5,0.4,0,0,0
"Musk Melon (Ripe, Raw)",21,0.4,0.3,4.2,1.5,10,0.18,22.8,22.3,0,0,0,0,0
Sweet Melon,17,0.3,0.2,3.5,0,32,1.4,26,0,0,0,0,0,0
Water Melon,18.3,0.6,0.16,3.9,0,5.3,0.2,13.3,5.9,605,0,0,0,0
Mango (Green),43,0.7,0.1,10.6,3,27,0.4,90.2,25.9,0,0.9,0,0,0
Mango (Semi-Ripe),40.5,0.6,0.35,9.4,2.45,21.5,0.455,61.6,43,97.5,0.6,0,0,0
Mango (Ripe),38,0.5,0.6,8.2,1.9,16,0.51,33,43,195,0.3,0,0,0
"Coconut Kernel (Dried, Unsweetened)",628,7.3,63.3,8,15.2,32,3.13,0,24.3,0,6.1,0,0,0
"Coconut Kernel (Green, Fresh)",411,3.8,41.4,6.3,10.4,8,1.3,0.8,25.4,0,2.7,0,0,0
"Coconut Kernel (Mature, Fresh)",411,3.8,41.4,6.3,10.4,8,1.3,0.8,25.4,0,2.7,0,0,0
Dates (Fresh),144,1.2,0.4,33.8,0,22,0.3,14,25,3,0,0,0,0
Dates (Dried),285,2.4,0.3,72.7,9.1,66,4.79,3.8,12.8,0,0,0,0,0
"Palmyra Fruit (Jelly Seeds, Raw)",31,0.6,0.1,6.9,0.3,43,0.5,4,0,0,0,0,0,0
"Coconut Kernel (Mature, Fresh, Sweetened)",501,2.88,35.5,47.7,4.5,15,1.92,0.7,8,0,0.39,0,0,0
Papaya (Green),21,0.5,0.2,4.4,2.3,23,0.2,20.7,29.8,0,0.1,0,0,0
Papaya (Ripe),20,0.4,0.2,4.6,2.8,15,0.23,43.1,60.9,116,0,0,0,0
"Grapes (Black, Seeded)",56,0.8,0.3,13.2,1.4,11,0.22,18.3,8.7,0,0.1,0,0,0
Grapes (Flesh Only),60,0.4,0.1,15.4,0,13,0.3,3,2,2.8,0,0,0,0
Raisins,281,2.6,0.3,71.3,3.9,73,6.81,2,38.3,0,0,0,0,0
Ambarella (Raw),37,0.73,0.44,7.46,4.67,20.7,0.7,35.51,44.49,3.36,0.43,0,0,0
Apple (Raw),58,0.3,0.5,13.9,2.1,5,0.25,4,3.5,0,0.1,0,0,0
"Avocado (Fresh, Raw)",143,3,13.9,1.8,6.7,28,0.81,9.4,67.2,2,0,0,0,0
Cashew Apple (Raw),0,0,0,0,0,0,0,0,0,0,0,0,0,0
Custard Apple (Raw),89,1.6,0.7,20.4,5.1,28,0.42,21.5,7.6,0,0.2,0,0,0
Mangosteen (Raw),47,0.6,0.2,11.4,1.9,5,0.28,26.3,13.5,0,0.1,0,0,0
Passion Fruit (Raw),51,0.9,0.1,12.4,0,10,2,25,0,9,0,0,0,0
Pomegranate (Raw),50,1.3,0.2,11.6,2.8,11,0.31,12.7,38.6,0,0,0,0,0
Rambutan (Raw),67,0.7,0.2,16.8,1,9,0.37,65,7.3,0,0.1,0,0,0
Soursop (Raw),62.14,0.74,0.94,11.94,4.95,10,0.29,59.54,6.09,0,0.06,0,0,0
Ceylon Olive (Fresh),145,1.03,15.32,3.84,3.3,52,0.49,0,3,20,0,0,0,0
Dan,0,0,0,0,0,0,0,0,0,0,0,0,0,0
Nelli (Raw),54.3,0.5,0.1,13.7,0,50,1.2,600,0,1.5,0,0,0,0
Ramontchi,0,0,0,0,0,0,0,0,0,0,0,0,0,0
Rose Apple,36.5,0.7,0.2,8.5,0,10,0.5,3,0,0,0,0,0,0
Wood Apple,73,3.1,3.6,7.5,5.2,56,0.45,22.2,6.5,0,0.1,0,0,0
Chick Peas (Boiled),145,9.7,2.4,22.5,6.1,73,2.51,0,81.6,5,1.3,0,0,0
Chick Peas (Boiled & Tempered),173.2595062,8.102856636,5.252151966,22.42178345,4.813622952,30.93433952,1.790923953,2.761360407,71.20597839,2.400935173,0.29261899,0,0,0
"Chick Peas (Boiled, With Coconut Milk)",175.8802948,6.961248875,8.995635986,15.89795113,8.750461578,86.98451996,2.506868362,6.213227749,55.21491623,33.28407288,0.542358994,0,0,0
"Chick Peas (Boiled & Tempered, With Coconut Milk)",215.3688,7.4230752,12.57994,17.190855,9.2248077,83.922699,3.3702836,2.4469323,56.78405,14.081141,0.61269802,0,0,0
Chick Peas (Salad),167.1572876,10.38610077,2.893427134,23.57131958,14.45419693,197.3493652,2.720099688,4.024041176,57.20906448,19.60059357,0.895417988,0,0,0
"Chick Peas And Eggplant (Boiled & Tempered, With Coconut Milk)",193.1234,7.1822343,10.78095,15.936284,9.0211515,74.521614,2.5508678,1.9911611,57.998123,13.91298,0.55681902,0,0,0
"Chick Peas (Boiled, With Scraped Coconut & Sugar)",216.5723877,10.19696426,7.407123089,26.13928795,14.66397858,75.39173126,2.735293627,0,53.06000137,11.98678493,0.910995007,0,0,0
"Cowpeas (Whole, Boiled)",158,10.8,0.6,29.1,6.1,44,3.16,0,123.1,1,0.4,0,0,0
"Cowpeas (Whole, Boiled & Tempered)",173.2595062,8.102856636,5.252151966,22.42178345,4.813622952,30.93433952,1.69558692,2.761360407,55.43204498,2.400935173,0.29261899,0,0,0
"Cowpeas (Whole, Boiled, With Coconut Milk)",241,13.9,4.7,38.2,8.4,67,4.48,2.5,152.5,37,0.5,0,0,0
"Cowpeas (Whole, Boiled & Tempered, With Coconut Milk)",225.756,7.929451,11.304261,22.147497,4.5927649,59.333275,2.9715126,2.4469323,52.35326,6.4738159,0.31406599,0,0,0
"Pigeon Peas (Split, Boiled & Tempered)",160.4712524,7.556764126,5.351220131,19.71021271,3.392471075,23.99644661,1.238535047,1.898029923,26.20785522,1.714379191,0.072639003,0,0,0
"Pigeon Peas (Split, Boiled & Tempered, With Coconut Milk)",212.4091,6.472188,12.987708,16.736752,2.715404,12.416238,44.827549,0,0.075974405,24.986414,3.7421486,0,0,0
Kidney Beans (Boiled & Tempered),138.7570038,7.690844059,5.297588348,15.97943687,0.355558991,32.52494049,1.992735028,2.836589813,31.00121498,2.317739248,0.183254987,0,0,0
"Kidney Beans (Boiled, With Coconut Milk)",158,10.3,3.9,21.8,10.9,55,3.36,3,60.3,31,0.3,0,0,0
"Kidney Beans (Boiled & Tempered, With Coconut Milk)",207,10.3,9.3,21.8,10.9,55,3.35,3,60.4,30,0.3,0,0,0
"Black Gram (Split, Boiled & Tempered)",157.8634033,7.801460266,5.394796371,18.49678802,4.347791195,16.40919495,1.615635037,1.898029923,21.81975174,2.221201658,0.065935001,0,0,0
"Black Gram (Split, Boiled, With Coconut Milk)",167.2641,6.6546879,8.2202082,15.831752,3.4279039,39.1688,1.7964001,3.7421486,21.713665,8.3368397,0.063330002,0,0,0
"Black Gram (Split, Boiled & Tempered, With Coconut Milk)",210.4641,6.6546879,13.020208,15.831752,3.4279039,39.1688,1.7964001,3.7421486,21.713665,8.3368397,0.063330002,0,0,0
"Black Gram (Whole, Boiled)",97.660522,7.3643441,0.529616,14.745448,6.8414321,14.142088,26.091784,0,0.133242,29.195921,0,0,0,0
"Black Gram (Whole, Boiled & Tempered)",215.9193268,12.81832314,5.735946178,26.30349731,12.02272606,46.73707199,3.134781361,2.761360407,52.45569611,2.068122387,0.142408013,0,0,0
"Black Gram (Whole, Boiled, With Coconut Milk)",159.35159,6.5396876,8.192708,13.926752,5.5529041,48.0788,1.9809,3.7421486,29.211414,7.9588399,0.078330003,0,0,0
Green Gram Sprouts (Boiled),25,2.5,0.5,2.8,4.9,19,2.2,2,17,8,0,0,0,0
"Green Gram (Split, Boiled)",109.2752,7.8436799,0.46592799,17.869513,3.254792,11.167841,1.1082796,0,16.496616,5.7439871,0.083800003,0,0,0
"Green Gram (Split, Boiled & Tempered)",158.8690033,8.12660408,5.294236183,19.06662941,3.610351086,14.08324146,1.232501388,1.898029923,21.32516479,7.796247959,0.092751004,0,0,0
"Green Gram (Split, Boiled, With Coconut Milk)",168.0141,6.8971877,8.1452084,16.256752,2.8779039,37.434052,1.51065,3.7421486,21.34479,12.49484,0.083329998,0,0,0
"Green Gram (Split, Boiled & Tempered, With Coconut Milk)",211.2141,6.8971877,12.945209,16.256752,2.8779039,37.434052,1.51065,3.7421486,21.34479,12.49484,0.083329998,0,0,0
"Green Gram (Whole, Boiled)",92,7.6,0.4,15.5,5.7,31,1.65,0,48.8,8,0.1,0,0,0
"Green Gram (Whole, Boiled & Tempered)",186,11.4,5.5,24.3,9.2,50,2.55,0.6,76.1,17,0.2,0,0,0
"Green Gram (Whole, Boiled, With Coconut Milk)",177,7.6,9.5,16.4,5.5,34,1.66,0.7,45.4,21,0.1,0,0,0
"Green Gram (Whole, Boiled & Tempered, With Coconut Milk)",217.4239044,9.000017166,10.86361885,20.11394882,6.864501953,72.2194519,1.993404508,3.783575535,32.26168823,14.44518566,0.159814999,0,0,0
"Red Lentils (Split, Boiled)",110.87746,7.27384,0.52291203,18.513096,3.036912,20.530312,1.113978,0,20.81592,0,0.063688003,0,0,0
"Red Lentils (Split, Boiled & Tempered)",160.4712524,7.556764126,5.351220131,19.71021271,3.392471075,23.99644661,1.238535047,1.898029923,26.20785522,1.714379191,0.072639003,0,0,0
"Red Lentils (Split, Boiled, With Coconut Milk)",137,6.8,5.8,15.5,3.1,19,1.97,1.9,15.9,8,0.1,0,0,0
"Red Lentils (Split, Boiled & Tempered, With Coconut Milk)",193,8,10.3,18.3,3.6,20,2.45,1.2,18,15,0.1,0,0,0
"Red Lentils And Dried Fish (Boiled, With Coconut Milk)",161,13.7,5.7,14.5,2.9,34,2.13,2,17.4,14,0.4,0,0,0
"Red Lentils And Raddish (Boiled, With Coconut Milk)",228.8473969,8.173618317,12.47094536,20.2860527,3.810487986,43.88467789,2.960192919,6.407472134,21.38082504,4.359745979,0.068231001,0,0,0
"Red Lentils And Snake Gourd (Boiled, With Coconut Milk)",197,9.4,9,20.9,4.2,23,2.76,0.6,20.4,12,0.1,0,0,0
"Red Lentils And Spinach (Boiled, With Coconut Milk)",191,11.7,5.4,25.5,5.5,41,3.89,5.3,55.7,96,0.4,0,1,300
"Red Lentils And Potato (Boiled, With Coconut Milk)",247.9866,9.5714693,12.517781,23.470432,4.1002679,40.679451,3.3717089,3.4035168,21.322456,4.416986,0.081319004,0,0,0
Red Lentils And Potato (Boiled),124.035,7.4001937,0.342314,22.110947,3.8907549,16.811489,2.1629906,7.1382537,15.46814,0.80712104,0.076168001,0,0,0
"Red Lentils And Cabbage (Boiled, With Coconut Milk)",230.4644012,11.42618465,8.171309471,26.80552673,5.46844101,51.50196838,3.60534811,8.900445938,32.11174774,2.084395409,0.093149997,0,1,300
"Red Lentils And Leeks (Boiled, With Coconut Milk)",244.4874,9.4830179,12.505146,22.726852,4.182888,42.873257,3.3444929,4.1010723,21.844225,4.416986,0.077431001,0,0,0
Red Lentils And Potato (Boiled & Tempered),194.8349915,8.65007782,7.497983932,22.40568161,4.312652111,17.59747696,2.600406885,4.354705334,16.82320404,3.440408468,0.085081004,0,0,0
"Red Lentils And Carrots (Boiled, With Coconut Milk)",126.7548981,2.091125011,10.35217571,5.937624931,2.922093153,82.25848389,1.521610022,7.635403633,19.54072571,391.7966614,0.140937001,0,0,0
Sambaar,46,1.6,2.3,5.1,1.8,15,0.57,6.5,15.1,59,0.2,0,0,0
Sambaar (With Coconut Milk),192.8459,2.9497769,16.219677,8.3988495,1.818441,44.460125,1.562461,12.055849,21.411425,49.478004,0.077381,0,0,0
Cashews (With Coconut Milk),325,8.5,26.7,13.6,2.4,28,2.96,1,13.4,29,0.4,0,0,0
"Jack Fruit Seeds And Vegetable (Nfs, With Coconut Milk)",143.2397308,3.690796852,10.43182945,8.269203186,4.772016048,99.10800934,1.60033226,9.226873398,39.22044373,24.12059593,0.102913305,0,0,0
"Jack Fruit Seeds And Vegetable (Nfs, Tempered)",127.3512955,3.823427916,8.870390892,7.61826086,6.518497944,36.7298317,0.673453808,13.24593163,49.99983978,16.03080368,0.082246788,0,0,0
Soy Meat (Tempered),199.02921,20.510151,8.7702303,11.592509,5.7053642,141.02574,2.3382347,3.0799081,4.9951963,10.824453,0.049546,0,0,0
"Soy Meat (Tempered, With Coconut Milk)",210,11.6,13.9,10.1,2.298,60,2.69,2.1,9.6,27,0.1,0,0,0
"Soy Meat And Potato (Tempered, With Coconut Milk)",208.7142,13.333339,11.611342,13.737888,3.918587,106.88539,2.0985973,8.0987616,11.764048,7.561336,0.047775,0,0,0
"Soy Meat (Boiled, With Coconut Milk)",146,11.3,7.3,9.4,1.5,54,2.11,1.6,4,27,0,0,0,0
"Legume Mallum (Nfs, With Scraped Coconut)",217.2813263,12.53009319,7.228633404,24.77280617,7.17110014,27.48178101,3.036232233,0,21.98209381,0.8832587,0.249870434,0,0,0
"Legume Mallum (Nfs, Tempered, With Scraped Coconut)",274.8599243,11.96407795,14.35409927,23.74410057,6.656666756,26.19913864,2.881800413,0,20.79128647,0.84943682,0.230671316,0,0,0
"Legumes And Leafy Greens (Nfs, With Coconut Milk)",181.7062836,9.487352371,7.470448494,18.49509048,5.507285595,104.1650162,3.29744339,15.24610233,37.99980164,370.3963623,0.248769522,0,1,300
"Legumes And Vegetable (Nfs, Tempered)",163.0658875,9.392623901,5.262973309,18.87472916,6.245176792,35.13796997,2.492168665,7.243593216,45.76593781,13.99197006,0.174828559,0,0,0
"Legumes And Vegetable (Nfs, Tempered, With Coconut Milk)",243.5938263,7.775320053,16.21855736,16.11279297,4.176191807,47.47312546,2.558449984,4.299917698,32.14147949,10.82957077,0.129298121,0,0,0
"Legumes And Vegetable (Nfs, With Coconut Milk)",203.2975616,7.751879692,11.76556969,16.0850544,4.125256062,47.13588715,2.551018953,4.193703651,31.57051086,10.54722595,0.128329471,0,0,0
"Legumes And White Root/Tuber (Nfs, With Coconut Milk)",213.6461487,7.492612839,11.75051689,18.94931602,3.637251377,42.81030655,2.533285141,5.297367573,22.10919189,4.549303532,0.129205599,0,0,0
"Legumes (Nfs, And Dried Fish, Nfs, Tempered)",205.08199,15.670551,9.6190367,13.709994,4.0850639,47.674194,2.4841068,8.6681585,73.918213,27.262997,0.13027094,0,0,0
"Legumes (Nfs, And Dried Fish, Nfs, Light Tempered, With Coconut Milk)",201.37045,12.702579,10.481936,13.713758,2.9799318,36.620445,2.2857559,3.5046034,52.696575,2.4490306,0.09429311,0,0,0
"Duck Egg (Whole, Boiled)",181.644,14.6,13.83,0,0,52.459999,2.46,0,56.610001,0,2.47,0,0,0
"Egg (White Only, Boiled)",52,12.4,0.3,0,0,8,0.15,0,4.2,0,0,0,0,0
"Egg (Poultry, Whole, Boiled)",149,13.4,10.5,0,0,55,1.87,0,0,182,1.3,0,0,0
"Egg (Whole, Boiled & Tempered, With Coconut Milk)",144,6.1,12.2,2.6,0,34,1.32,2.6,10.7,127,0.6,0,0,0
"Egg (Whole, Pan-Fried)",179,13.6,13.9,0,0,65,2.2,0,40,190,1.1,0,0,0
"Egg (Whole, Omelet)",199,16.5,14.8,0,0,53,2.16,0,37.7,183,1.9,0,0,0
"Egg (Yolk Only, Boiled)",312,16.1,27.5,0,0,120,4.92,0,110,467,2.8,0,0,0
Beef (Tempered),146,12,8.1,5.7,1.1,10,1.55,38.6,29.1,29,0.4,0,0,0
Beef (Roast Or Baked),213.36,31.070551,9.9345751,0,0,0,5.7607198,0,0.21336,2.4449723,0,0,0,0
Beef (Cooked With Water),97.944901,13.070065,4.238555,1.836033,0.85503,77.211441,1.887601,1.5204256,3.949291,16.193647,0.27895299,0,0,0
"Beef Offals (Babath), Boiled And Fried",222.95088,17.065004,15.987584,2.5283999,1.613178,17.282066,1.8611712,0,202.75883,4.8573799,0.34359413,0,0,0
"Beef Offals (Babath), Boiled, With Coconut Milk",138,12.9,8.3,3.1,1.28,23,1.98,2.3,6.7,106,0.2,0,0,0
"Liver (Calf, Tempered)",178.78757,21.783152,8.5134249,3.5913889,1.973474,28.833454,19.10079,1.4118766,5.4229245,13.038739,0.70316225,0,0,0
Veal (Deep-Fried),313.0885925,22.310812,23.72730637,2.528399944,1.613178015,21.03766823,3.575105906,0,2.528939724,4.857379913,0.509360015,0,0,0
"Beef (Boiled, With Coconut Milk)",223.20889,15.584135,17.04241,1.836033,0.85503,77.729362,2.14764,1.5204256,4.0950642,16.193647,0.32211298,0,0,0
"Beef (Tempered, With Coconut Milk)",187.3078003,15.22170353,12.46599865,3.434812069,1.237185001,88.5202179,2.034845114,2.414354086,7.37520504,17.97132301,0.291274011,0,0,0
"Beef And Vegetable (Nfs, Light Tempered, With Coconut Milk)",132.5374603,9.991214752,8.102972031,4.65024519,3.252089739,100.5686722,2.09272337,6.001820564,27.8414135,28.49456596,0.24871324,0,0,0
"Venison (Deer Meat), Tempered",133.4563,18.778418,6.020349,1.025844,0.493714,33.866924,3.0097821,7.6146488,1.9840857,8.2461243,0.030779999,0,0,0
"Game Meat (Nfs, Tempered)",159.2385406,13.63659954,10.17633438,3.06932807,1.232617021,86.97073364,1.863908052,6.790707111,6.666642666,15.61944103,0.359263986,0,0,0
"Game Meat (Nfs, Tempered, With Coconut Milk)",197.7628479,14.36135864,13.70445061,3.984812021,1.237185001,97.18637085,1.959909081,7.246714115,8.648880005,17.97132301,0.339466006,0,0,0
"Game Meat (Nfs, With Coconut Milk)",149.9428406,14.1313591,8.744450569,3.434812069,1.237185001,95.58637238,1.799908996,7.022713661,7.368879795,17.97132301,0.339466006,0,0,0
Goat Meat (Tempered),143,17.3,7.7,1.1,0.56,15,1.97,1.5,3.5,21,0.2,0,0,0
Sheep Meat (Tempered),146.4116211,15.27855682,8.978563309,1.025843978,0.493714005,36.35015869,2.126484156,1.239903927,2.923214912,8.246124268,0.11411,0,0,0
Goat Meat (Tempered & Boiled),161.6945038,17.22886086,9.861896515,0.861999035,0.421905994,35.65383911,1.458037972,1.239903927,2.960155964,8.220515251,0.128779992,0,0,0
Pork (Tempered),105,11.9,4.5,3.8,0.8,10,0.79,14.5,10.8,11,0.1,0,0,0
"Pork (Tempered, With Coconut Milk)",187.9102,12.528975,13.700918,3.4348121,1.237185,89.58287,1.058957,2.3439615,9.9801464,17.970791,0.11657801,0,0,0
"Pork (Boiled, With Coconut Milk)",90.268898,9.8040352,4.9427099,1.5498329,0.77522999,77.483765,0.96351004,1.3441906,5.2776537,16.189207,0.115613,0,0,0
"Sausages (Beef, Grilled)",278,13.3,19.5,13.1,0.8,80,1.4,0,7,0,0.7,0,0,0
"Sausages (Low Fat, Grilled)",212.6447449,18.15045929,14.80083656,0.453761488,0,15.59201717,0.734224737,1.11026752,1.448174953,9.413137436,0.125508502,0,0,0
Chicken Giblets (Tempered),120.1065979,15.31875229,6.341222763,0.517425001,0.171407998,5.420742989,2.693912029,1.22150147,6.269272327,0.4052248,0.529537022,0,0,0
Chicken Gizzards (Tempered),136.4415,16.836697,7.2457328,1.037064,0.66927397,11.496055,5.6953583,1.2418674,170.76416,8.2461243,0.59608901,0,0,0
Chicken Meat With Bone (Deep-Fried),307.0046082,18.56464577,25.09938049,1.668400049,1.064477921,20.96029663,1.833059311,0,7.083724022,3.205209732,0.386348009,0,0,0
Chicken Meat With Bone (Tempered),170,18.5,10.2,1.1,0.6,20,1.1,1.4,11,25,0.3,0,0,0
"Chicken Meat With Bone (Tempered, With Coconut Milk)",200,18.1,12.9,3,1.3,29,1.54,2.6,11.4,46,0.3,0,0,0
Chicken Meat With Bone (With Coconut Milk),156,14.2,9.8,3.1,1.3,28,1.32,2.3,9.7,109,0.2,0,0,0
"Chicken Meat (Bones Removed, Boiled, Plain)",187.9600067,22.72500038,10.45919991,0.726999998,0.662199974,19.71183968,1.184620023,0,8.427160263,3.140000105,0.396599978,0,0,0
"Chicken Meat (Bones Removed, Cooked With Water)",161.2088,18.857018,8.6045609,2.025167,0.721183,40.827736,1.197724,1.6081327,12.463428,8.315258,0.33278799,0,0,0
"Chicken Meat (Bones Removed, Tempered)",170,18.5,10.2,1.1,0.6,20,1.1,1.4,11,25,0.3,0,0,0
"Chicken Meat (Bones Removed, Tempered, With Coconut Milk)",200,18.1,12.9,3,1.3,29,1.54,2.6,11.4,46,0.3,0,0,0
"Chicken Meat (Bones Removed, With Coconut Milk)",156,14.2,9.8,3.1,1.3,28,1.32,2.3,9.7,109,0.2,0,0,0
"Chicken Meat (With Bone, Cooked With Water)",187.04109,15.965468,12.729396,2.025167,0.721183,45.494217,1.031064,1.6081327,10.182686,8.315258,0.48278198,0,0,0
"Chicken Meat With Bone (Tempered, Boiled)",152,18.7,7.7,2.1,0.8,21,1.12,1.9,14.4,24,0.3,0,0,0
Duck Meat (Tempered),156.5687103,16.1701889,9.711867332,1.025843978,0.493714005,48.67466736,3.80975008,1.239903927,18.30509949,8.246124268,0.614090025,0,0,0
Paneer,0,0,0,0,0,0,0,0,0,0,0,0,0,0
Coffee Flavored Milk Drink,72,3.6,1.5,11.7,0,115,0.62,0,2,0,0,0,0,0
Chocolate Flavored Milk Drink,72,3.6,1.5,11.7,0,115,0.62,0,2,0,0,0,0,0
Fruit Flavored Milk Drink,72,3.6,1.5,11.7,0,115,0.62,0,2,0,0,0,0,0
"Malted Drink (Bottled, Ready-To-Drink)",64,3.4,1.4,10,0,160,1,0,0,0,0,0,0,0
Malted Drink (From Powder),45.26666667,0.665,0.723333333,9.625,0,40.71666667,0.07,0,2.1,0,0,0,0,0
Malted Drink Mix (Powder Only),390,8.7,8.7,73.9,0,435,11.7,52.2,0,0,0,0,0,0
Ice Cream (Chocolate),227,3.3,14.2,22.8,0,110,0.5,0,3,2.8,0,0,0,0
Ice Cream (Fruit Flavor),192,3.2,8.4,27.6,0.9,120,0.21,7.7,12,96,0,0,0,0
Ice Cream (Vanilla),191,2.6,7.7,29.8,0,80,0.35,1,8,0,0.6,0,0,0
Ice Cream (Withcone),199,2.9,7.5,32,0,80,0.43,1,8,0,0.6,0,0,0
Buffalo Milk,105,3.7,6.6,8.4,0,121,0.16,2.4,8.6,0,0.2,0,0,0
Goat Milk,62,3.1,3.7,4.4,0,100,0.12,1,1,0,0,0,0,0
"Milk (Non Fat, Fresh Or Uht)",35,3.5,0.3,4.8,0,125,0.03,1,9,0,0,0,0,0
"Milk (Low Fat, Fresh Or Uht)",52,3.71,1.31,6.27,0,127,0.1,0,0,12,0,0,0,0
"Milk (Low Fat, From Powder)",41.76666667,4.386666667,0.116666667,5.81,0,159.8333333,0.128333333,0.583333333,2.45,0,0.011666667,0,0,0
"Milk (Whole, Fresh Or Uht)",72,3.3,4.5,4.9,0,118,0.15,7,0.4,2,2,0,0,0
"Milk (Whole, From Powder)",57.98333333,3.115,3.115,4.666666667,0,97.18333333,0,0,0.14,0,0,0,0,0
"Milk Powder, Whole (Full Fat)",497,26.6,26.7,37.5,0,959,0.7,10.7,38,238,0.59,0,0,0
Sweetened Condensed Milk,321,7.91,8.7,54.4,0,284,0.19,2.6,11,74,0.16,0,0,0
"Curd (Cow'S Milk, Plain, Unsweetened)",60,3.1,4,3,0,149,0.2,1,12.5,31,0,0,0,0
Drinking Yoghurt (Flavored Or Sweetened),70,3,1.2,12.7,0,0,0,0,0,0,0,0,0,0
"Drinking Yoghurt (Plain, Unsweetened)",57,4.8,1,7.8,0,162,0.08,1,18,0,0,0,0,0
"Yoghurt (Low Fat, Plain)",57,4.8,1,7.8,0,162,0.08,1,18,0,0,0,0,0
"Yoghurt (Non Fat, Plain)",0,0,0,0,0,0,0,0,0,0,0,0,0,0
"Yoghurt (Whole Milk, Sweetened Or Flavored)",137,5.3,6.2,15.9,0,177,0,0,0,0,0,0,0,0
"Yoghurt (Whole Milk, Plain)",79,5.7,3,7.8,0,200,0.1,1,18,0,0.1,0,0,0
Samaposha Cereal (Prepared As Porridge),181,7,4.2,29.7,0,107,4.66,8.7,0.7,136,0.1,0,0,0
Thriposha Cereal (Prepared As Porridge),249.53596,16.896999,11.655001,18.399,7.5030003,265.03,2.8369999,2.6888001,81.4114,44.9757,0.53200001,0,0,0
"Noodles (Plain, Boiled)",127.69231,3.5807693,0.16153847,27.188461,3.773077,7.9982691,0.49615383,0,4.1865387,0.12057693,0.011538462,0,0,0
"Noodles (With Vegetables, With Coconut Oil)",132,4,3.4,22.7,3.2,42,0.86,10.6,31.1,174,0.2,0,0,0
"Noodles (With Vegetables & Egg, With Coconut Oil)",162.3098602,4.448864937,6.172211647,21.53450966,4.324066162,33.07682037,0.993497014,5.700253487,19.26814079,116.4348526,0.266470999,0,0,0
"Red Rice (Samba, Parboiled, Steamed Or Boiled)",129,3,1.2,28.2,0,24,0.39,0,10,0,0.1,0,0,0
"Red Rice, Samba, Kekulu (Polished), Steamed Or Boiled",134,2.4,0.4,32.2,0.9,1,0.19,0,10.8,0,0,0,0,0
"Red Rice (Medium Grain, Parboiled, Steamed Or Boiled)",110,2.7,1,24.2,0,0,0.01,0,0,0,0,0,0,0
"Red Rice, Medium Grain, Kekulu (Polished), Steamed Or Boiled",134,2.4,0.4,32.2,0.9,1,0.19,0,10.8,0,0,0,0,0
"Red Rice, Medium Grain, Kekulu (Polished), Steamed Or Boiled",110,2.7,1,24.2,0,0,0.01,0,0,0,0,0,0,0
"White Rice (Samba, Parboiled, Steamed Or Boiled)",124,3.2,1,27.3,0,0,0.08,0,0,0,0,0,0,0
"White Rice, Samba, Kekulu (Polished), Steamed Or Boiled",117,2.8,0.7,26.5,0,14,0.08,0,5,0,0.1,0,0,0
"White Rice (Medium Grain, Parboiled, Steamed Or Boiled)",124,3.2,1,27.3,0,0,0.08,0,0,0,0,0,0,0
"White Rice, Medium Grain, Kekulu (Polished), Steamed Or Boiled",117,2.8,0.7,26.5,0,14,0.08,0,5,0,0.1,0,0,0
"White Rice (Basmati, Parboiled, Steamed Or Boiled)",124,3.2,1,27.3,0,0,0.08,0,0,0,0,0,0,0
"White Rice, Basmati, Kekulu (Polished), Steamed Or Boiled",117,2.8,0.7,26.5,0,14,0.08,0,5,0,0.1,0,0,0
Biryani With Chicken,127,4.8,4.4,18.2,1.6,43,1.29,3.1,6.3,69,0.1,0,0,0
Biryani With Vegetables,84,1.9,1.9,15.9,0.4,9,0.23,1.6,6.4,58,0,0,0,0
Curd Rice,153,6.2,4,24.6,1,23,0.33,0.6,4.8,55,0.2,0,0,0
Fried Rice With Vegetables,111,2.5,2.2,21.8,0.427,9,0.22,1.6,6.4,61,0,0,0,0
Fried Rice With Vegetables & Egg,95,3,2.7,15.8,0.4,13,0.37,1.6,8,75,0.2,0,0,0
Milk Rice,267,5.4,6.2,50.5,1.9,13,0.68,0,5.8,0,0,0,0,0
Milk Rice With Mung Bean,172,4.9,5.7,27.1,2.7,18,0.9,0,17.9,3,0.1,0,0,0
Rice Porridge With Green Gram (With Coconut Milk),244.24962,7.1185989,13.46318,23.126539,4.5115843,32.650646,1.9184005,1.2227809,28.437887,4.1388021,0.097119913,0,0,0
Rice Porridge With Coconut Milk,262.77118,3.5760696,13.819543,30.854002,1.2199154,13.811702,1.3055499,1.2227809,9.9639797,0.024214661,0.031474091,0,0,0
Rice Porridge,121.10364,2.1833353,0.77849513,26.261038,1.1551154,4.9033513,0.40971494,0,2.7975996,0.024214661,0.029874094,0,0,0
Rice Porridge With Scraped Coconut,147.98363,2.5040355,2.8234951,28.022139,1.7304153,5.5430512,0.51263493,0,3.5710597,0.024214661,0.051974095,0,0,0
Rice Porridge With Banana (With Coconut Milk),248.79118,3.3580694,12.817142,29.816803,1.2508154,13.309401,1.2233199,1.289981,9.8137398,0.59908968,0.06267409,0,0,0
Flattened Rice With Scraped Coconut & Sugar,330.7200012,5.535181522,7.126628876,60.58890152,3.809961319,20.041605,4.011531353,0,6.86886549,12.37098503,0.150480524,0,0,0
Fried Rice With Chicken & Vegetables,115.0546,5.1048002,2.9045939,17.004156,1.2010729,10.371678,0.62202799,1.4706353,6.9697108,71.523628,0.108723,0,0,0
Pongal,461,6.5,25.6,54.5,1.7,41,1.92,0,16.8,2,0.1,0,0,0
Rice Porridge With Carrots & Leeks,246.97139,3.5590084,12.866909,29.02656,1.7445854,23.715963,19.242367,0,0.08665543,13.411517,2.0596352,0,0,0
Maize On The Cob (Boiled),111.3602,2.8167579,1.151034,22.028732,3.2378681,4.7369509,0.62839699,2.9517472,41.272991,6.6619601,0.084221996,0,0,0
Maize On The Cob (Roasted),98.699997,4.053,1.5015,16.716,4.1265001,7.2460003,0.495,6.006525,53.978401,10.8864,0.094499998,0,0,0
Maize Kernels (Fried),181.0174,5.6630058,6.8879528,23.356232,5.7657032,9.5654917,0.67486602,8.3925457,65.993095,14.365843,0.132039,0,0,0
Maize Kernels (Boiled),111.3602,2.8167579,1.151034,22.028732,3.2378681,4.7369509,0.62839699,2.9517472,41.272991,6.6619601,0.084221996,0,0,0
Biscuit (Cheese Flavored),494,10.5,28.1,53.2,0,263,2.08,0,35,49,8.7,0,0,0
"Biscuit (Chocolate, Full Coated)",506,6.4,27.2,62.8,0,163,2.01,0,14,28,1.6,0,0,0
Biscuit (Chocolate Chip),471,5.4,24.9,60,0,117,2.3,0,36,0,2.2,0,0,0
Biscuit (Cream Crackers),476,5,23.3,65.8,0,118,2.19,0,11,0,2.3,0,0,0
Biscuit (Cream Filled),447,9.6,16.3,68.3,0,0,0,0,0,0,0,0,0,0
Biscuit (Ginger),443,4.8,15.7,75.3,0,43,1.5,0,11,0,2.1,0,0,0
Biscuit (Savory),534,6.6,32.4,54.6,0,0,0,0,0,0,0,0,0,0
Biscuit (Semi Sweet),444,6.4,15.1,75.4,0,157,2.03,0,12,0,2.8,0,0,0
"Biscuit (Wafer, Filled)",535,4.7,30,66,0,73,1.6,0,7,0,0,0,0,0
Biscuit (Marie),388,7.1,10.6,70.5,0,0,0,0,98,1,0,0,0,0
Biscuit (Shorties),479,5.6,20.9,71.7,0,95,1.64,0,9,0,2.7,0,0,0
Biscuit (Lemon Puff),476,5,23.3,65.8,0,118,2.19,0,11,0,2.3,0,0,0
Viskiringa (Sugar Glazed Rusk),490,7,20,71,1,25,1.5,0,0,0,0,0,0,0
"Biscuit (Sweet, Flavored, No Filling)",427,6.6,14.2,72.7,0,31,4.01,0,39,3,0,0,0,0
Biscuit (Bran),444,6.4,15.1,75.4,0,157,2.03,0,12,0,2.8,0,0,0
Cake (Chocolate),438,7.3,24.1,51.3,0,58.421196,1.8,0,12,0,0,0,0,0
Cake (Coconut),423,6.7,22.1,52.6,0,34.280571,1.42,0,9,0,0,0,0,0
Cake (Date),334,4.5,12.1,55.2,0,32.902992,1.55,0,0,39,0,0,0,0
Cake (Fruit),334,4.5,12.1,55.2,0,34.537594,1.55,0,0,0,1.5,0,0,0
Cake (Sponge),462,6.4,26.4,53.1,0,32.902992,1.04,0,9,0,1.1,0,0,0
Cake (Butter),447.02945,5.6236701,29.090473,41.14719,1.100886,35.344532,1.064239,0,11.384727,195.0697,1.0340192,0,0,0
Cake (Iced),447.02945,5.6236701,29.090473,41.14719,1.100886,35.344532,1.064239,0,11.384727,195.0697,1.0340192,0,0,0
Candy (Gingelly),516,11.6,33.3,50.3,7.7,639,4.27,0,51,0,0,0,0,0
Candy (Toffee),426,2.2,18.6,66.7,0,73,0.2,0,0,0,0,0,0,0
"Chocolate (Dark, Plain)",510,5,28,63.5,0,33,2.3,0,12,0,1.4,0,0,0
"Chocolate (Milk, Plain)",519,7.3,31.1,56,0,226,2.05,0,9,0,1.6,0,0,0
"Chocolate (Milk, With Cream Or Caramel Filling)",519,7.3,31.1,56,0,226,2.05,0,9,0,1.6,0,0,0
"Chocolate (Milk, With Nuts Or Fruit)",519,7.3,31.1,56,0,226,2.05,0,9,0,1.6,0,0,0
Gelatin,0,0,0,0,0,0,0,0,0,0,0,0,0,0
Almonds,611,18.4,58.5,3,13.1,228,4.59,0.7,36.5,0,25.9,0,0,0
Cashew Nuts (Dried),577,18.8,45.2,25.5,3.9,34,5.95,0,25.2,0,1,0,0,0
"Cashew Nuts (Roasted, Salted)",591.59998,18.839399,46.063202,25.642799,4.3248,34.98,6.4247999,0,12.46848,0,1.581,0,0,0
Peanut (Boiled),336,15.4,25.8,11.2,6.8,35,2.25,0,59.2,2,2.8,0,0,0
"Peanut (Dry, Roasted)",590,25.7,49.8,10.3,0,52,2.1,0,0,0,1.1,0,0,0
Peanut (Tempered),590,25.7,49.8,10.3,0,52,2.1,0,0,0,1.1,0,0,0
Jackfruit Seeds (Dry),184,5.4,13.4,11.3,8.2,52,0.93,8.2,47.5,138,0.2,0,0,0
Lotus Seed (Dry),0,0,0,0,0,0,0,0,0,0,0,0,0,0
Pumpkin Seeds (Dry),0,0,0,0,0,0,0,0,0,0,0,0,0,0
Sunflower Seeds (Dry),586,23.5,51.8,6.8,10.8,176,5.85,0,81.8,0,21.9,0,0,0
Chinese Roll (Fish),331,10.9,15.2,40.3,2.7,88,1.7,3.8,31.7,190,0.5,0,0,0
Cocktail Mix,503,18.8,32.9,35.1,0,58,3.8,0,0,0,4.7,0,0,0
Crisps (Maize Puff),558,5.76,35.8,54.1,2.2,58,1.1,0,180,0,0,0,0,0
Crisps (Potato),532,6.39,33.95,53.83,3.1,21,1.28,21.6,29,0,10.45,0,0,0
Fried Grams Snack,0,0,0,0,0,0,0,0,0,0,0,0,0,0
Murukku,349,6.6,9.5,63.4,2.7,41,2.07,0.1,30.3,72,0.2,0,0,0
Popcorn (Salty),470,9,23.5,59.3,0,0,0,0,0,0,0,0,0,0
Popcorn (Sweet),470,9,23.5,59.3,0,0,0,0,0,0,0,0,0,0
Rusks,396,6.5,10.7,73,0,336,6.46,0,22,0,1.4,0,0,0
"Tapioca (Manioc, Chips, Dried)",317.6,1.3,0.3,82.6,0,91,3.6,0,0,0,0,0,0,0
"Vade (Fritters), Black Gram",170,13.6,0.85,27.4,0,98.4,3.5,0.55,72.1,18.5,0,0,0,0
"Vade (Fritters), Dhal",282,15.4,4.5,47.9,0,48.4,3.3,2.5,417.5,10.5,0,0,0,0
Patty (Fish),352.1503,10.634809,15.359921,41.919922,2.7738111,65.975311,1.7578131,6.1979594,25.506285,42.612476,0.1749174,0,0,0
Patty (Egg),363.37091,9.1340466,17.274506,41.919922,2.7738111,44.478283,1.6912417,6.1979594,22.753643,42.612476,0.59491742,0,0,0
Patty (Vegetable),335.05899,6.868125,14.744318,42.738216,3.6687491,43.465042,1.5349339,7.6067438,19.277719,154.94568,0.20725612,0,0,0
Chinese Roll (Vegetable),323.49789,7.3927488,12.953424,43.233631,4.3601542,55.842339,1.8303673,21.459167,31.262402,116.65749,0.35148835,0,0,0
Dried Palmyra Sprouts,384,2.92,1.73,85.1,2.79,53,1.7,0,0,0,0,0,0,0
Aggala,362,3.7,0.5,91.3,0,20,1.26,0.1,11.4,0,0.1,0,0,0
Aluwa,316,3.3,0.4,79.7,1.2,18,1.09,0.1,10,0,0.1,0,0,0
"Cassava Chips (Fried, Sugar Coated)",287,0.36,8.8,53,0,11,0.3,18.8,11.5,0,0,0,0,0
Dhodol,361,2.4,14,59.8,1.7,18,1.33,1.6,12.6,0,0.1,0,0,0
Halapa,304,4.6,8.4,55.9,1.3,11,1.67,0.1,19.2,0,0.5,0,0,0
Laddu (Semolina),402,4.2,17.9,60,4,16,1.23,0,10.1,0,0.3,0,0,0
Mung Kevum,401,5.1,18.5,57.1,2,22,1.5,0.3,18.5,2,0.2,0,0,0
Pancake (Roll),254,6.3,9.7,37.8,0,18.25378,0.77,1,10,0,3.2,0,0,0
Sago Paayasam (Kheer),190,0.9,8.4,29.6,0.9,4,0.49,0.1,0.7,0,0.1,0,0,0
Sesame Ball,473,8.9,34.6,33.7,4.5,301,5.47,0.2,49.2,1,1.7,0,0,0
Watalappan,282,3.2,8.9,50.3,0.4,18,0.64,0.1,4,33,0.3,0,0,0
Jaggery,348,0,0,92.9,0,0,2.57,0,0,0,0,0,0,0
Wali Thalapa,284,2.7,3.4,64.7,1.6,13,0.89,0.1,9.4,0,0.2,0,0,0
Samposha Aggala,366.3519897,13.06999969,4.375699997,70.20400238,5.762000084,134.572998,3.47149992,9.13599968,10.53810024,62.41849899,0.156000003,0,0,0
Athirasa,665,3,37.2,84.8,1.3,38,1.17,0,9.9,0,0.3,0,0,0
Lavariya,224.2829742,4.064278126,4.335048199,44.74222183,1.110843897,28.83132935,1.698128223,0,10.91814137,1.046268106,0.036195289,0,0,0
Wandu Appa,268.3940125,3.14041996,3.703359842,58.50453949,0.04764,12.91032028,1.067600012,0.315840006,8.014808655,0.006048,0.00068,0,0,0
Kolukkatta / Mothagam,223.3490601,7.272830009,5.182547092,37.12477493,3.289150953,25.90342522,1.761094332,0,16.37704468,3.6836133,0.093603775,0,0,0
Sweet Fried Bread (Wheat Flour),378.5265503,5.113469601,17.14122391,50.4122467,5.801632881,11.5379591,1.895102024,0.208979592,10.18726444,0.922897935,0.225306123,0,0,0
Brinjal (Tempered),127,1.7,11.3,5,0,20,0.92,2.4,9.2,20,0.2,0,0,0
"Brinjal (Tempered, With Coconut Milk)",158,1.9,14.3,5.7,2.9,22,0.92,2,7.5,44,0.1,0,0,0
Brinjal (With Coconut Milk),131,1.8,11.6,5.2,2.5,18,0.69,1.5,4.6,34,0.1,0,0,0
Brinjal And Dried Fish (With Coconut Milk),166,8.2,12.5,5.6,2.1,31,0.92,2.1,9.7,44,0.4,0,0,0
Brinjal And Dried Fish (Tempered),305,42.2,9.4,13.8,10.1,161,3.83,7.5,37.3,309,1.9,0,0,0
Brinjal Moju,371,3.3,35.7,9.7,5.9,38,1.37,4.8,12.3,68,0.3,0,0,0
Capsicum (Tempered),181,2.5,15.8,7.8,4.1,47,1.79,47.8,50.9,143,0.2,0,0,0
"Capsicum (Tempered, With Coconut Milk)",196,2.2,18.1,6.7,2.9,32,1.37,36.7,35,124,0.2,0,0,0
Capsicum (With Coconut Milk),91,1.3,8,3.6,1.6,19,0.82,30.8,24.4,59,0.1,0,0,0
Capsicum And Dried Fish (With Coconut Milk),149,5,12.5,4.5,1.4,25,0.85,24.4,22,40,0.2,0,0,0
Capsicum And Sprats (With Coconut Milk),139,2.6,12.4,4.5,1.4,18,0.75,24.3,83.8,38,0.1,0,0,0
Green Egg Plant (Tempered),174,2.3,14.4,9.2,1.3,79,2.1,9.7,6.3,152,0.2,0,0,0
"Green Egg Plant (Tempered, With Coconut Milk)",162,1.9,14.2,6.9,1.011,43,1.34,4,5.3,84,0.1,0,0,0
"Tomato (Tempered, With Coconut Milk)",168,1.6,15.6,5.6,1.2,12,0.54,6.3,8.7,119,0.1,0,0,0
"Turkey Berry (Thibbatu), Tempered",131.4618073,2.330698967,8.675606728,10.35947037,7.172173977,158.7548065,1.453773975,13.51585007,46.8900032,31.19918823,2.250917912,0,0,0
"Turkey Berry (Thibbatu), Tempered, With Scraped Coconut",188.8567047,2.375111103,15.69575596,8.874079704,7.680660725,77.4853363,1.273288965,9.128543854,45.94551086,19.24736595,2.195662022,0,0,0
"Turkey Berry (Thibbatu) And Leafy Greens, Nfs, Tempered",129.9685211,3.608740091,8.508657455,9.085474968,7.26985693,215.0310822,2.473726273,30.7059803,55.90169144,513.4293213,1.355395794,0,1,300
Drumsticks (Boiled),25.4697,2.1054952,0.1018788,3.5148187,6.0448089,18.007856,0.40465623,60.750114,34.659168,2.3916049,0.30563641,0,0,0
Drumsticks (Boiled & Tempered),85,2.6,6.2,5.2,6.136,40,1.32,31.6,51.2,42,0.3,0,0,0
"Drumsticks (Boiled, With Coconut Milk)",130.3806,3.9552441,8.3172693,9.1312084,7.703836,129.54872,1.4969569,76.548782,58.217823,15.034182,0.386062,0,0,0
"Drumsticks (Tempered, With Coconut Milk)",119,2.3,10.1,5.1,4.5,33,1.15,22.3,36.5,42,0.2,0,0,0
Ladies Fingers (Tempered),159,3.3,11.7,10.6,6.5,98,1.93,21.4,75,109,0.7,0,0,0
"Ladies Fingers (Tempered, With Coconut Milk)",182,2.9,15.8,7.5,4.5,86,1.97,11.1,49.5,71,0.5,0,0,0
Ladies Fingers (With Coconut Milk),122,2.2,10.2,5.6,3.1,62,1.23,8.2,37.6,41,0.3,0,0,0
"Ladies Fingers And Dried Fish (Tempered, With Coconut Milk)",227,8.5,18.9,6.1,2.3,57,1.29,7.1,28,41,0.5,0,0,0
Ladies Fingers And Dried Fish (Tempered),173.36554,17.000872,9.0506897,5.5440121,4.3181362,108.70194,2.0257835,16.022579,125.97701,28.040438,0.405884,0,0,0
Green Beans (Boiled),22,1.8,0.5,2.9,2.9,34,1.1,11,57,55,0.2,0,0,0
Green Beans (Tempered),126.4721985,3.154071093,9.680864334,6.327641964,5.089822769,91.42945862,1.269519925,11.72020054,31.30495834,59.94416809,0.124403,0,0,0
"Green Beans (Tempered, With Coconut Milk)",210,2.9,19,7.2,1.1,51,1.52,4.3,46.1,64,0.4,0,0,0
Long Beans (Boiled),19.7064,2.7588961,0.24632999,1.633989,4.3600411,34.573593,0.79024541,5.6826277,55.413166,0,0.057477001,0,0,0
Long Beans (Tempered),108.3243027,3.622668028,8.095222473,5.111824036,5.759171009,45.98135757,1.197458982,9.933697701,75.03614807,9.992697716,0.10407,0,0,0
"Long Beans (Tempered, With Coconut Milk)",298,4.4,25.3,14,2.9,72,1.86,8.5,53.8,109,0.2,0,0,0
Long Beans (With Coconut Milk),134,2.7,10.2,8.5,1.1,42,0.93,1.1,36.2,68,0,0,0,0
Winged Beans (Boiled),17.243099,1.510824,0.16422001,2.2662361,3.1037581,53.310272,0.93845397,12.612507,18.67243,28.628473,0.082110003,0,0,0
Winged Beans (Tempered),91.83750153,2.748875141,6.645996094,4.918228149,5.361419201,92.68171692,1.65586102,26.22967339,37.8465004,52.33429718,0.150665998,0,0,0
"Winged Beans (Tempered, With Coconut Milk)",188,5.3,15.9,6.3,1.1,66,1.57,10.3,47,56,0.1,0,0,0
Winged Beans (With Coconut Milk),127,5.5,9.2,5.8,0.6,68,1.64,7.2,46.1,27,0,0,0,0
Winged Beans (Fresh Or Water-Cooked Mallum With Scraped Coconut),111,5.2,7.5,6,2.8,60,1.91,8.8,47.1,2,0.5,0,0,0
"Green Beans (Boiled, With Coconut Milk)",99,2.3,7.8,5.2,0.8,51,1.44,4.1,42.2,55,0.3,0,0,0
"Long Beans (Tempered, With Scraped Coconut)",169.4313049,4.112419128,14.67719841,5.007697105,7.260684013,46.48290253,1.432092071,9.535747528,75.38471985,9.983178139,0.168342993,0,0,0
"Long Beans (Boiled, With Scraped Coconut)",100.2213058,4.112419128,6.987197876,5.007697105,7.260684013,46.48290253,1.432092071,9.535747528,75.38471985,9.983178139,0.168342993,0,0,0
Ambarella (With Coconut Milk),193,1.5,15.8,12.4,1.4,47,0.88,12.2,2.2,26,0,0,0,0
"Ambarella (Tempered, With Coconut Milk)",266,1.4,21.5,17.9,1.4,48,0.86,12.7,2.2,26,0.1,0,0,0
"Musk Melon (Tempered, With Coconut Milk)",198.1987,2.12025,17.060745,8.8106213,1.687501,54.940483,1.3663859,21.956263,27.275656,123.16756,0.055376999,0,0,0
"Papaya (Green, Tempered Curry)",243.5771027,1.911136985,20.35089493,13.04039288,1.804836035,92.20231628,1.343274951,10.45721912,17.49136162,19.5723381,0.286298007,0,0,0
Papaya Mallum (With Scraped Coconut),94.84529877,1.558405042,7.222690105,5.449654102,4.197441101,27.71798134,0.95134002,11.47765255,16.31247139,24.77493286,0.39497,0,0,0
"Bread Fruit (Boiled, Plain)",57,1.3,0.2,13.4,1.8,34,0.43,9.8,0,1,0,0,0,0
"Bread Fruit (Boiled, With Coconut Milk)",164,1.9,11.8,13.3,1.7,32,0.6,8.1,0.9,13,0,0,0,0
"Bread Fruit (Boiled And Tempered, With Coconut Milk)",213.61639,2.2645531,12.721217,23.386019,3.585562,181.12511,2.3150971,13.386724,11.896067,10.724582,0.44606,0,0,0
Bread Fruit (Boiled And Tempered),139.4281921,1.520608068,4.531563282,25.5548172,5.267781258,51.86138916,0.809082031,23.04183197,10.45051765,15.42267513,0.918381989,0,0,0
Agathi Flowers (Tempered),182.9492035,9.288287163,10.81378651,10.609272,10.40014553,906.6439819,4.939284801,111.7454987,113.6247635,1883.221191,1.817338943,0,0,0
"Plantain Flower (Tempered, With Coconut Milk)",146,2.3,13,5.3,5.5,38,0.83,5.4,46.5,11,0.2,0,0,0
Plantain Flower (With Coconut Milk),100,2.3,7.9,5.3,5.4,38,0.82,4.2,46.5,9,0.2,0,0,0
Plantain Flower (Tempered),76.1257019,1.514021039,6.364370823,2.983571053,5.089453697,34.31702042,0.449517012,10.07168007,32.62053299,4.755734444,0.087063,0,0,0
"Plantain Flower (Tempered, With Scraped Coconut)",158.545105,2.716498852,14.33689213,4.248044014,8.56818676,49.81319427,0.878636956,13.17094803,44.84910583,12.56789017,0.193801999,0,0,0
Jackfruit Seed (With Coconut Milk),175,4.2,13.3,10.3,5.3,36,1.08,3.7,30.1,42,0.1,0,0,0
"Jackfruit Seed (Tempered, With Coconut Milk)",185.5789,4.224525,14.083085,10.116415,5.0717998,97.750648,1.494935,8.6312618,31.973072,15.367915,0.083884999,0,0,0
Mature Jackfruit (Boiled),20,1.6,0.3,2.9,6.4,38,0.26,8,29.6,0,0,0,0,0
"Mature Jackfruit (Tempered, With Coconut Milk)",91,1.6,7.8,3.9,4.4,33,0.56,5.8,20.5,25,0.1,0,0,0
"Tender Jackfruit (Tempered, With Coconut Milk)",198.37891,2.882226,17.778494,6.5360599,4.7861977,109.46242,1.4486101,14.832209,24.591448,9.2735062,0.071070001,0,0,0
Tender Jackfruit (Fresh Or Water-Cooked Mallum With Scraped Coconut),113,2.1,9,6.3,2.993,85,1.34,5.1,9.5,21,0.6,0,0,0
Tender Jackfruit (Tempered Mallum With Scraped Coconut),213,2.1,20.1,6.3,3.143,85,1.35,5,9.7,21,0.7,0,0,0
"Mature Jackfruit (Boiled, With Coconut Milk)",151,2.3,13.2,6,5.2,40,0.88,6.5,22.4,25,0.1,0,0,0
Mature Jackfruit (Tempered),135.4019928,4.020550728,5.665438652,16.09597778,5.141955853,111.4987335,0.907025993,9.84888649,21.28829193,24.28838158,0.151482001,0,0,0
Mature Jackfruit (Boiled & Tempered),135.4019928,4.020550728,5.665438652,16.09597778,5.141955853,111.4987335,0.907025993,9.84888649,21.28829193,24.28838158,0.151482001,0,0,0
"Mango (Semi-Ripe, Boiled Curry)",129.7360077,1.648000956,8.597821236,10.7886982,3.905819893,104.0413513,1.029806018,43.80470276,18.12164116,27.82380676,0.498062015,0,0,0
"Mango (Semi-Ripe, Boiled Curry, With Coconut Milk)",179.1604004,2.269304037,13.39301777,11.75326729,2.669825077,93.98002625,1.593987942,41.69528198,21.88140488,17.43331146,0.463197023,0,0,0
"Mango (Semi-Ripe, Boiled And Tempered Curry)",102.7360001,1.648000956,5.597820759,10.7886982,3.905819893,104.0413513,1.029806018,43.80470276,18.12164116,27.82380676,0.498062015,0,0,0
"Ash Gourd (Boiled, With Coconut Milk)",134,1.6,12.2,4.8,2.1,15,0.58,4.3,8.6,5,0,0,0,0
Bitter Gourd (Boiled Curry),153.0144,2.895509,12.091337,7.7576642,4.0376868,1.539322,130.08214,0,0.10490565,44.373009,37.5686,0,0,0
Bitter Gourd (With Coconut Milk),258,2.7,23.7,9.1,0,44,1.4,32.3,4.7,97,0.1,0,0,0
Bitter Gourd (Tempered),88,3.1,3.2,12.5,0,86,2.06,99.5,20.6,100,0.1,0,0,0
"Bitter Gourd (Tempered, Salad)",142.7738,2.9312789,10.62128,8.1964159,7.7598701,163.63164,3.6447051,67.157219,75.947113,61.234367,0.171661,0,0,0
Bitter Gourd (Deep-Fried),145.0095062,1.870730996,13.43704414,3.815227032,4.904356003,29.62546158,2.467679977,40.76124191,38.84122467,55.97129822,0.095802002,0,0,0
Bottle Gourd (With Coconut Milk),127,1.6,11.2,5.4,2.862,27,0.82,3.3,46,32,0.1,0,0,0
Cucumber (With Coconut Milk),135,1.8,11.2,7.2,2.9,28,1.02,4.3,20.2,25,0.1,0,0,0
Ridge Gourd (With Coconut Milk),101.0502,1.9264439,7.8567381,5.3864222,2.4414079,95.176689,4.5545182,6.4044023,25.441273,60.34589,0.081762001,0,0,0
Snake Gourd (With Coconut Milk),125,1.9,11.2,4.5,2.6,31,1.07,2.3,13.6,44,0.1,0,0,0
Snake Gourd And Dried Fish (With Coconut Milk),210.36505,8.9220619,16.609068,6.048018,1.620373,43.525723,2.0339153,4.6572199,54.279892,13.903788,0.075500004,0,0,0
Bitter Gourd And Dried Fish (Tempered),140.63193,16.427172,6.6473227,3.7093101,3.517498,66.360687,2.4012198,27.659698,116.17651,40.22739,0.055943001,0,0,0
"Bitter Gourd (Tempered & Boiled, With Coconut Milk)",208.3460999,2.515836,19.01440811,6.509402752,2.616647005,121.6432571,2.175796032,24.32664871,31.71823692,56.08591461,0.065568,0,0,0
Spiny Gourd (Tempered),117.6562958,3.405188084,5.519168854,13.3271122,5.375181675,128.4326782,1.535079002,52.05007553,25.85284996,38.28003311,0.100602001,0,0,0
"Spiny Gourd (Tempered, With Coconut Milk)",209.1983032,3.308544874,16.89486313,10.78059578,2.701086044,115.5785217,2.081711054,30.08632851,23.14764023,24.38614655,0.054924,0,0,0
"Gourd Mallum (Nfs, Tempered, With Scraped Coconut)",137.2259674,1.886078477,12.56531525,3.826502323,4.548282146,29.99140739,1.885488391,12.78101158,22.14988518,32.27933502,0.1689246,0,0,0
"Dubai Pumpkin (Boiled, With Coconut Milk)",83.746597,1.4504369,6.1286364,5.2671981,2.0965519,46.696217,0.819493,6.0179329,22.897797,24.652082,0.14822501,0,0,0
"Pumpkin (Boiled, With Coconut Milk)",92,1.5,7.2,5.8,2.5,26,0.73,3.8,20.8,44,0.4,0,0,0
Pumpkin (Tempered),142.7534943,2.395774126,8.924293518,12.48462868,3.827404976,38.33042145,1.22220397,17.10760307,30.08203506,49.14704132,2.736183167,0,0,0
"Pumpkin (Tempered, With Coconut Milk)",180.0589,2.29406,14.582006,9.4060707,2.094301,62.735405,1.509406,9.8647747,22.751736,33.323658,2.0554771,0,0,0
Amaranth Leaves (Fresh Or Water-Cooked Mallum With Scraped Coconut),156,3.7,12.4,8,3.4,571,16.19,9.4,10.6,804,0.9,0,1,300
Amaranth Leaves (Tempered Mallum With Scraped Coconut),185,3.6,15.8,7.6,3.3,549,15.59,9.2,9.9,774,0.9,0,1,300
Amaranth Leaves (Tempered),215.06981,6.0670543,17.161535,8.1330433,7.816566,339.73566,5.4131107,94.989296,89.728615,1661.7511,0.75497299,0,1,300
"Spinach (Boiled, With Coconut Milk)",100,2.2,8.4,4.2,2,59,2.21,11.6,92.5,274,0.8,0,1,300
"Amaranth Leaves (Boiled, With Coconut Milk)",141.95981,3.572233,11.603986,5.3771262,3.0383439,220.90326,3.0925009,38.947781,43.675716,885.64069,0.334923,0,1,300
Spinach (Fresh Or Water-Cooked Mallum With Scraped Coconut),138.0099945,3.02185297,12.24140835,3.574506998,5.176587105,133.5748291,1.729375958,9.245866776,56.52823639,682.8821411,0.526337028,0,1,300
Radish Leaves (Tempered),83.31690216,2.296064138,6.301447868,4.197085857,2.19499588,261.6578369,4.081073284,73.8099823,38.43731689,412.2783508,0.042118002,0,0,0
Turnip Leaves (Tempered),101.7157974,4.78295517,5.812599182,6.924685478,6.678634167,199.3943634,3.420299053,48.45546722,67.48176575,1036.896118,0.425866783,0,0,0
Cabbage Leaves (Fresh Or Water-Cooked Mallum With Scraped Coconut),110,2.2,9.2,5,4.9,46,0.66,17.6,45.4,4,0.6,0,1,300
Cabbage Leaves (Tempered Mallum With Scraped Coconut),187,2.1,17.8,4.8,4.7,41,0.65,15.6,40.3,3,0.7,0,1,300
Cabbage Leaves (Tempered),181,4.5,14.8,8.1,4.4,148,3.06,29.3,65.9,75,0.3,0,1,300
Cabbage (With Coconut Milk),139,2.2,11.8,6.4,3.1,56,0.98,16.7,39.1,27,0.1,0,1,300
Cabbage And Potato (With Coconut Milk),165,2.4,12.9,10.6,2.6,40,0.89,14.9,31,25,0.1,0,1,300
Cabbage (Tempered),84.4,2,6.23,5.4,0,37.8,7.1,88.4,1.86,148.1,0,0,1,300
"Cabbage (Tempered, With Coconut Milk)",185.48441,2.619921,16.215216,6.7833629,2.567554,130.88342,1.453778,24.481897,44.887177,12.343535,0.072273999,0,1,300
Cassava Leaves (Fresh Or Water-Cooked Mallum With Scraped Coconut),141,8,8.3,8.8,3.1,215,18.95,34.4,17.5,23,0.5,0,0,0
Cassava Leaves (Tempered Mallum With Scraped Coconut),242,6.7,21,6.7,4.381,156,14.77,26.8,12.9,1,1.1,0,0,0
Sweet Potato Leaves (Tempered Mallum With Scraped Coconut),196.0113068,3.225731134,17.76296234,4.852575302,4.146923065,49.42868423,3.851385117,36.77741623,6.141970634,207.4246826,0.110003002,0,0,0
Taro Leaves (Tempered Mallum With Scraped Coconut),227,5,20.7,5.5,7.431,86,2.28,23.4,41.3,851,1.1,0,0,0
Cassava Leaves (Tempered),116.5761948,5.801773548,7.523952007,6.201632977,3.992795944,178.9590302,2.615865946,52.52313232,63.10897446,1112.880981,0.015151001,0,0,0
Drumstick Leaves (Fresh Or Water-Cooked Mallum With Scraped Coconut),175,6.4,13.6,7.3,9.9,253,4.06,48.5,43.9,2309,1.1,0,0,0
Drumstick Leaves (Tempered Mallum With Scraped Coconut),220.2818909,6.07666111,18.33315849,6.820098877,9.213152885,239.5034485,4.966945171,64.27639771,38.87808609,1775.441162,0.354203999,0,0,0
Drumstick Leaves (Tempered),240,7.6,18.9,10.4,9.5,325,5.25,82.1,55,2891,0.5,0,0,0
Kathurumurunga (Fresh Or Water-Cooked Mallum With Scraped Coconut),131,7,8.9,6.1,8.8,688,3.63,1.8,98.6,1593,1.9,0,0,0
Kathurumurunga (Tempered Mallum Withscraped Coconut),160,6.1,12.7,5.6,7.9,588,3.15,1.9,85.2,1359,1.7,0,0,0
Drumstick Leaves (Boiled),123.5009918,5.396572113,8.852272034,4.780105114,8.4708004,231.2885132,4.530988216,61.98711777,35.63906479,1767.942749,0.312287986,0,0,0
"Drumstick Leaves (Boiled, With Coconut Milk)",187.3352966,5.81202507,14.6266861,7.391931057,6.246074677,306.0354004,5.033140182,48.58143234,34.05423355,1778.207031,0.236301005,0,0,0
Gotukola (Fresh Or Water-Cooked Mallum Withscraped Coconut),150.9633026,1.980798006,14.02437878,3.867722034,8.107066154,76.43804932,1.564435005,6.930082321,51.90987396,149.6823425,0.700741053,0,1,300
Gotukola (Tempered Mallum Withscraped Coconut),229,3,20.4,8.8,6.9,262,8.05,8.2,11.7,802,315.9,0,1,300
Gotukola (Tempered),128.5872,2.0037789,9.9439945,7.3673201,7.563437,111.28839,1.865361,15.751106,71.710175,218.85442,0.81905496,0,1,300
Kankun (Fresh Or Water-Cooked Mallum With Scraped Coconut),153,3.7,13.1,5.5,4.5,92,3.58,18.3,10.7,261,0.8,0,1,300
Kankun (Tempered Mallum With Scraped Coconut),217,4,19.9,5.7,5,99,3.86,18.7,11.4,282,1,0,1,300
Kankun (Tempered),61,2.6,3.9,4,2,84,3.07,23.4,5.8,281,0.1,0,1,300
Mukunuwenna (Fresh Or Water-Cooked Mallum With Scraped Coconut),160,5.3,12.5,7,8.5,299,3.4,44.4,47.1,666,1.2,0,1,300
Mukunuwenna (Tempered),127.790802,3.837226868,10.58715916,3.884290934,7.082312584,129.4305878,1.96739006,6.22454977,81.41691589,78.41910553,0.376435012,0,1,300
"Mukunuwenna (Boiled, With Coconut Milk)",139.4314,3.3193929,11.496529,5.3897681,3.6009128,143.15495,1.954721,4.0988431,54.043739,55.906693,0.20850299,0,1,300
"Mukunuwenna (Tempered, With Scraped Coconut)",183.7799988,3.864872932,16.5184803,4.444108009,7.352119923,117.1173706,1.925246,6.003837109,71.55018616,79.14176941,0.379054993,0,1,300
Onion Leaves (Tempered Mallum With Scraped Coconut),194,4,16.9,7.1,9.1,39,3.88,21.8,75.8,128,1.6,0,0,0
Onion Leaves (Tempered),141,3.8,9.9,9.6,8,52,3.94,24.2,76.6,141,1,0,0,0
Onion Leaves (With Coconut Milk),160,2.9,13.3,7.6,4.8,42,2.89,12.2,46.3,89,0.6,0,0,0
Pumpkin Leaves (Fresh Or Water-Cooked Mallum With Scraped Coconut),177,4.6,14.7,6.9,5.6,205,4.62,6.8,37,178,2.2,0,0,0
Pumpkin Leaves (Tempered Mallum With Scraped Coconut),201,4.7,17.5,6.8,5.4,212,4.76,9.8,36.7,186,2.2,0,0,0
Pumpkin Leaves (Tempered),59,2.5,4.2,2.9,0.3,32,1.67,4.3,28.6,4,0.1,0,0,0
Anguna Kola (Tempered Mallum With Scraped Coconut),179.3927917,4.430605888,14.59377766,7.06265974,6.78387785,268.2716675,2.016974926,31.36408424,73.44284058,1500.634277,0.495563,0,0,0
Gymnema Leaves (Tempered Mallum With Scraped Coconut),213.7822876,4.507966042,19.65065193,4.046452999,7.572259903,225.6841125,3.629083157,61.38724899,61.37093735,1134.541504,0.58930999,0,0,0
"Leaves (Nfs, Boiled, With Coconut Milk)",173.1434021,4.222723007,14.10889912,6.885292053,4.184862137,221.6204071,3.086734533,27.4624939,46.06773758,745.2289429,0.284219116,0,0,0
"Leaves (Nfs, Fresh Or Water-Cooked Mallum, With Scraped Coconut)",151.3726654,4.557992458,12.14378643,5.335762501,7.945581436,163.4723816,2.922147989,37.2275238,55.44017792,816.8736572,0.447599977,0,0,0
"Leaves (Nfs, Tempered)",96.63223267,4.289451599,5.68130064,6.499809265,5.976947784,174.7946014,3.050265789,43.00003052,59.84657288,905.7293091,0.377484858,0,0,0
"Leaves (Nfs, Tempered Mallum, With Scraped Coconut)",192.0611572,4.335134506,16.86618614,5.136384964,7.478957176,157.5724182,2.789301157,35.98104477,53.33901215,786.9041138,0.424245447,0,0,0
Mushroom (Tempered),75.93094635,3.098341227,4.493332863,5.299437046,4.007982254,21.92716599,1.474571228,25.52275085,16.26382256,58.624897,0.112588659,0,0,0
"Mushroom (Tempered, With Coconut Milk)",218,4.2,19.4,7.2,3.1,25,0.88,3,12.9,28,0.1,0,0,0
"Ash Plantain (Boiled, With Coconut Milk)",152,1.6,10.5,13.7,2.6,16,0.58,8.6,12.9,17,0.1,0,0,0
Ash Plantain (Deep-Fried),150,1.7,5.1,25.9,5.3,20,0.5,24,27.9,1,0.1,0,0,0
"Plantain Stem (Tempered, With Coconut Milk)",160,1.3,12.7,10.8,2.691,21,0.8,3,14.8,45,0.1,0,0,0
Ash Plantain And Fish (Tempered),237.22531,24.696022,9.1544189,13.718862,4.5972929,72.137169,2.1098902,5.4341474,134.15128,20.877998,0.096767999,0,0,0
Ash Plantain (Tempered),123.5166016,3.3197999,4.901051044,16.2754364,4.816104889,42.096241,0.752294004,5.28167057,8.780802727,12.34021854,0.066997997,0,0,0
"Ash Plantain (Tempered & Boiled, With Coconut Milk)",184.7518005,3.473891973,12.89064884,13.38365173,3.376360893,20.4666214,1.589293003,5.543022156,15.5822897,12.39232635,0.063441001,0,0,0
"Beet Root (Boiled, With Coconut Milk)",183,2.5,15.8,8.1,2.7,24,1.14,2.7,57.5,26,0.1,0,0,0
Beet Root (Tempered),68,1.3,4.7,5.7,2,15,0.7,1.9,100.7,7,0.1,0,0,0
"Beet Root (Tempered, With Coconut Milk)",168,2.7,14,8.4,3.2,27,1.28,3.6,68.4,31,0.1,0,0,0
Carrot (Boiled),22,0.6,0.4,4.4,2.7,30,0.4,2,17,735,0.6,0,0,0
Carrot (With Coconut Milk),193,2.1,17,8.5,3.4,39,1.35,2.7,16.8,530,0.2,0,0,0
Carrot And Broad Beans (With Coconut Milk),139,2.2,12,6,3.7,36,1.1,4.4,13.4,313,0.1,0,0,0
Carrot And Dried Fish (With Coconut Milk),91,7.9,4.2,5.8,3,43,1.06,3.3,21.1,495,0.4,0,0,0
"Carrot And Green Beans (Boiled, Plain)",25,1.4,0.4,4.2,2.1,41,0.8,6.5,37.3,452,0.3,0,0,0
Carrot And Potato (With Coconut Milk),196,2,17.1,9.1,2.4,27,1,4.5,12.5,313,0.1,0,0,0
"Kohlrabi (Boiled, With Coconut Milk)",186.95795,3.150048,16.464243,6.1917391,2.7848771,115.90562,1.6213369,48.818405,20.877323,9.7819414,0.176911,0,0,0
"Radish (Boiled, With Coconut Milk)",174,2.1,14.1,10.3,3.1,36,0.56,10.9,30,22,0,0,0,0
"Radish (Tempered, With Coconut Milk)",202,2.1,17.3,10.3,3.1,36,0.57,13.9,30,23,0.1,0,0,0
"Carrot And Green Beans (Boiled, With Coconut Milk)",150.3481,2.702482,12.483504,6.3891311,3.592958,61.092461,1.623049,7.2828255,26.401108,433.63403,0.13452201,0,0,0
Carrot (Tempered),146.8068085,2.256705046,10.29977989,10.41388798,6.633108139,166.7333984,1.427105069,11.41138077,25.46794128,1044.32605,0.319461018,0,0,0
"Carrot And Leek (Boiled & Tempered, With Coconut Milk)",192.4382935,2.644751072,16.44133186,8.126159668,3.067286968,73.05853271,2.115152121,6.475384712,33.11538696,418.4212952,0.336796016,0,0,0
Radish (Tempered),116.4721985,1.792971015,7.851063251,9.10244751,3.571248055,97.29316711,0.829441011,17.80887604,24.36790466,17.86125374,0.076728001,0,0,0
"Cassava Root (Fresh, Deep-Fried)",268.8743896,1.868054032,16.03806877,28.32001877,8.581903458,44.34097672,2.870497704,18.89478111,26.05888176,4.857379913,0.384647012,0,0,0
"Cassava Root (Fresh, Boiled)",130,0.5,0.2,33.5,1.5,17,0.5,17,11,0,0,0,0,0
Cassava (With Coconut Milk),188,1.2,7.7,30.4,0.7,41,0.88,10.5,1.4,9,0,0,0,0
Purple Yam (With Coconut Milk),138,2.4,7.1,17.4,2.7,30,1.25,4.5,8.9,89,0.2,0,0,0
Purple Yam (Boiled),99.83789825,3.101759911,0.290789992,20.2486763,4.555709839,39.77780533,1.271169066,10.10398293,19.35789108,32.12260056,0.474956989,0,0,0
Taro Root (With Coconut Milk),108.17381,2.1338401,5.578413,11.922556,2.1484849,18.244606,1.148185,11.862414,15.677049,12.360657,0.080109,0,0,0
Cassava (Boiled & Tempered),162.9881897,1.455864072,8.711854935,19.02280045,5.61216116,56.26021194,1.295941949,16.39490318,25.59797096,12.28779507,0.212617993,0,0,0
"Cassava & Tomato (Boiled, With Coconut Milk)",115.063,1.84914,5.629077,13.717,4.101953,25.226326,1.466929,15.406446,22.591177,35.254406,0.151281,0,0,0
Lasia Stem (With Coconut Milk),82,1.1,5.6,7.2,0.7,109,1.19,5.5,3.5,57,0,0,0,0
Lasia Stem (Tempered Mallum With Scraped Coconut),83,0.7,5.6,8,0.8,166,1.21,7.2,2.7,51,0.2,0,0,0
Garlic (With Coconut Milk),105,3.6,5.3,11.4,2.8,16,0.85,3.7,37.5,51,0,0,0,0
Leeks (With Coconut Milk),282,3.3,25.2,11.3,1.7,59,1.6,4,28.2,22,0.3,0,0,0
Leeks & Dried Fish (Tempered),149,17.4,6.5,5.6,0.2,109,7.56,8.6,1.4,32,0,0,0,0
Leeks & Potato (With Coconut Milk),228,3.6,18.2,13,0,37.4,2.5,8.2,54.45,89.26,0,0,0,0
Leeks (Fresh/ Water-Cooked Mallum With Scraped Coconut),142,2.5,12.1,6.2,3.4,45,0.79,3.6,35.5,3,1.1,0,0,0
Leeks (Tempered Mallum With Scraped Coconut),106,1.9,8.8,5,0.4,42,0.4,4.4,27.2,4,0.3,0,0,0
Onion (Tempered),175.5213928,2.793833017,11.69314575,14.32931042,4.716042042,34.07948685,1.464627028,18.62037659,36.56173325,63.95479965,0.152560994,0,0,0
Leeks (Tempered),160.7722015,2.851191044,11.89799595,10.31424999,4.126073837,45.92801285,2.316802979,16.81974602,42.09104156,76.7702179,0.47212702,0,0,0
"Onion (Tempered, With Coconut)",203.7045,2.302567,18.385317,7.0531669,0.91910803,19.39156,1.5571699,4.6594772,17.619427,5.1386089,0.034401,0,0,0
Lotus Root (With Coconut Milk),153,2.2,11.8,10.1,3,33,2.08,5.8,13.9,127,0.3,0,0,0
Potato (With Coconut Milk),87,1.8,4.1,11.5,2,16,0.9,8.5,15.2,33,0.1,0,0,0
Potato & Capsicum (With Coconut Milk),118,1.7,8,10.5,1.6,13,0.54,20.5,20,22,0.1,0,0,0
Potato & Dried Fish (With Coconut Milk),110,8.2,4.1,10.7,1.8,30,1.06,8.2,16.8,25,0.4,0,0,0
Potato & Green Beans (With Coconut Milk),122,2.1,9,8.8,0.9,29,0.85,6.7,30.1,28,0.2,0,0,0
Potato & Leeks (With Coconut Milk),167,2.4,12.9,11,1.2,40,0.93,6.5,24.2,25,0.2,0,0,0
Potato (Tempered),113,2.1,4.8,16.6,2.6,22,1.19,17,19,64,0.1,0,0,0
Potato & Dried Fish (Tempered),168.39954,16.385431,6.6358485,10.634164,1.9049531,55.258717,1.548293,12.400393,95.32811,9.1668482,0.063469,0,0,0
"Potato & Tomato (Tempered, With Coconut Milk)",158.6338,2.4357719,11.077349,11.929136,1.595327,35.607609,1.097368,30.317354,14.087831,13.922784,0.073895998,0,0,0
Potato (Deep Fried),257.16409,2.450057,17.366776,22.138538,2.523412,14.421593,0.67486602,25.564217,14.695941,0,0.073354997,0,0,0
"Potato (Tempered & Boiled,With Coconut Milk)",183.8938,2.5708399,13.320413,12.967556,2.1484849,21.284605,1.452185,12.288014,18.109049,12.360657,0.080109,0,0,0
"Potato (Fish & Vegetables, Tempered)",225.19601,23.865257,8.9768419,11.79743,3.3235459,76.362907,2.1159251,20.847948,142.12854,29.305927,0.40880701,0,0,0
"Potato (Boiled, Curry)",86.974998,2.0457499,0.30625001,18.48525,2.1070001,11.519663,0.53772497,18.834375,13.147312,0,0.061250001,0,0,0
Sweet Potato (Boiled),84,1.1,0.3,20.5,2.1,23,0.7,17,8,660,4.4,0,0,0
Sweet Potato (With Coconut Milk),162,1.8,8.6,20.6,3.5,29,0.69,8.5,13.2,676,0,0,0,0
Palmayra Tuber (Boiled),22.58639908,0.470550001,0.112931997,4.63021183,2.258640051,0.079999998,0.0024,0.15881063,15.49991703,0,0.028232999,0,0,0
"Starchy White Root/ Tuber & Vegetable (Nfs, Tempered)",136.7526703,2.67430377,7.757089138,13.47188377,5.303244114,106.6937103,1.316880465,18.25508499,32.6035614,30.58295631,0.181304023,0,0,0
"Starchy White Root/ Tuber & Vegetable (Nfs, Tempered,With Coconut Milk)",185.3435059,2.73588562,14.57011032,10.38048935,3.654074192,66.00514984,1.574020624,12.77808094,37.16790771,20.56365395,0.110691525,0,0,0
"Starchy White Root/ Tuber & Vegetable (Nfs, With Coconut Milk)",166.9360504,2.920766354,12.26408577,10.76596642,3.755946159,67.63962555,1.684882402,13.1249094,39.07784271,21.12834358,0.112628832,0,0,0
Carrot,29,0.9,0.5,5.6,4.2,35,0.6,6.2,24,903,0.2,0,0,0
Cucumber,16,0.8,0.2,2.8,2.1,19,0.59,6.2,14.7,1,0,0,0,0
Lasia Stem,33,4.1,0.83,2.03,4.05,19.5,0.25,5.56,56.76,300,0.02,0,0,0
Tomato,17,0.8,0.3,3.2,1.6,9,0.22,25.3,15.4,0,0.2,0,0,0
Onion,40,1.1,0.1,9.34,1.7,23,0.21,7.4,19,0,0,0,0,0
Beet Root Salad,33,1.9,0.2,6.4,3.2,18,0.73,4,84.7,2,0.1,0,0,0
Carrot Salad,30,1.1,0.4,5.8,3.9,31,0.6,11.1,22.4,711,0.2,0,0,0
Carrot Salad (With Scraped Coconut),87,1.5,6.5,5.9,4.509,26,0.69,11.7,22.4,533,0.6,0,0,0
Carrot & Tomato Salad,29,1,0.4,5.6,3.6,29,0.56,13.3,22,668,0.2,0,0,0
Cucumber & Tomato Salad,20,0.8,0.2,4,2.1,16,0.44,11.8,16.6,35,0.1,0,0,0
Cucumber Salad,21,0.9,0.2,4.2,2.3,17,0.49,10,17.3,2,0,0,0,0
Tomato Salad,22.3248,1.063985,0.29846001,3.629338,2.269136,19.424252,0.61556101,10.870911,20.691629,24.106205,0.032313,0,0,0
"Vegetable (Nfs, Tempered)",91.84256744,3.350068808,5.277957439,7.174543858,6.780965328,119.2502136,1.420481086,17.02755547,56.99988556,45.93120575,0.188536495,0,0,0
"Vegetable (Nfs, Boiled With Coconut Milk)",161.5621033,3.202032804,13.28018856,6.903553009,3.879667282,97.80103302,1.724197507,9.691613197,45.52577591,27.84467316,0.102759436,0,0,0
"Vegetable (Nfs, Tempered,With Scraped Coconut)",170.2814026,3.292898655,14.68012619,5.700458527,7.146770477,38.14163589,1.218468547,12.21311951,54.12369156,32.7273674,0.192110732,0,0,0
Vegetable Soup,59.39860153,3.513803005,0.480477005,9.733413696,4.264503002,43.66044617,1.306761503,14.58968449,29.09160423,316.3060608,0.174747005,0,0,0
"Vegetable, Nfs, & Dried Fish Mallum (Light Tempered, With Scraped Coconut)",141.11607,11.838052,8.2922192,4.3468981,5.7910295,58.53096,1.7808168,9.6081657,90.142311,29.600557,0.19248399,0,0,0
"Vegetable, Nfs, & Dried Fish (Small, Tempered)",125.36241,11.350463,6.373456,5.4192939,4.6777697,60.312424,1.5744616,14.858517,102.59276,41.310135,0.10799737,0,0,0
"Vegetable, Nfs, & Dried Fish (Small, With Coconut Milk)",180.21558,7.725174,13.915827,5.842598,2.7611854,46.77412,1.9349971,6.6994705,66.197365,19.015652,0.072026931,0,0,0
"Vegetable, Nfs, & Dried Fish (Tempered)",126.1305,11.877072,6.2467012,5.4192939,4.6777697,55.307976,1.572193,14.858517,91.806229,41.310135,0.10799737,0,0,0
"Vegetable, Nfs, & Dried Fish (With Coconut Milk, Tempered)",227.99112,8.0237818,19.103952,5.842598,2.7611854,43.936409,1.9337107,6.6994705,60.080994,19.015652,0.072026931,0,0,0
"Vegetable Nfs, & Dried Fish (With Coconut Milk)",180.65111,8.0237818,13.843952,5.842598,2.7611854,43.936409,1.9337107,6.6994705,60.080994,19.015652,0.072026931,0,0,0
"Leafy Greens (Nfs & Dried Fish,Tempered)",178.48338,21.131659,7.5486746,6.2669487,5.2783079,161.27927,3.3043323,27.646551,138.44347,508.65421,0.28023785,0,1,300
"Starchy White Root (Nfs & Dried Fish,Tempered)",184.8878,16.20339,9.0151577,9.3677254,2.9212658,54.943913,1.6626275,8.784687,96.263092,20.892277,0.11711724,0,0,0
"Starchy White Root (Nfs & Dried Fish , Without Coconut Milk)",188.58249,7.5782299,12.232293,11.72798,2.083277,31.332191,1.4074622,12.072628,48.564365,2.0277092,0.065055721,0,0,0
Bulath Vita,0,0,0,0,0,0,0,0,0,0,0,0,0,0
Sugar,387,0,0,100,0,1,0.05,0,0,0,0,0,0,0
Coconut Milk (Fresh),169,1.1,16.9,3.3,0,0,0,0,0,0,0,0,0,0
Coconut Oil,892,0,99.1,0,0,1,0.05,0,0,0,0,0,0,0
Spices & Seasonnings,0,0,0,0,0,0,0,0,0,0,0,0,0,0
Betel / Areca Nut,0,0,0,0,0,0,0,0,0,0,0,0,0,0
"Halmassa Anchovy (Sprat, Dried)",259,51.16,5.92,0,0,117.8,3.06,0,438,0,0,0,0,0
Tuna (Dried),282,63.79,3.37,0,0,83.48,3.6,0,213,0,0,0,0,0
"Fish (Nfs, Dried)",269.2122186,53.93037513,5.949571275,0,0,139.4998178,2.992722401,0,337.4825295,0,0,0,0,0
